trial;present;key;iter_ns;rec_ns;iter_found;rec_found
0;0;997.2734500000;500;100;0;0
1;0;3798.6804500000;100;100;0;0
2;1;9013.5340000000;300;100;1;1
3;1;2142.3280000000;300;100;1;1
4;1;14529.3080000002;400;200;1;1
5;0;8223.2154500000;400;100;0;0
6;0;6299.9584500000;100;100;0;0
7;1;2956.5460000000;100;100;1;1
8;1;11312.0440000001;400;100;1;1
9;0;16183.2564500002;200;100;0;0
10;0;1506.7244500000;100;100;0;0
11;1;11235.1800000001;200;100;1;1
12;0;15336.3084500002;200;100;0;0
13;0;2021.9484500000;100;0;0;0
14;0;10776.4344500001;300;100;0;0
15;0;6437.0064500000;100;100;0;0
16;1;2761.5950000000;100;100;1;1
17;0;1262.6474500000;200;100;0;0
18;1;3118.6290000000;100;100;1;1
19;1;2957.7400000000;100;100;1;1
20;0;5335.2254500000;200;100;0;0
21;1;1125.4220000000;200;100;1;1
22;0;4944.1494500000;200;100;0;0
23;0;14380.5984500002;200;100;0;0
24;1;4632.9150000000;100;100;1;1
25;1;12006.7940000001;400;100;1;1
26;0;11370.2674500001;100;100;0;0
27;0;4129.7824500000;100;100;0;0
28;1;6853.3480000000;100;100;1;1
29;0;10833.4674500001;200;100;0;0
30;1;13196.0970000002;300;100;1;1
31;0;974.1534500000;100;100;0;0
32;0;6133.6044500000;100;100;0;0
33;1;410.0840000000;200;100;1;1
34;1;10393.9540000001;200;100;1;1
35;1;4175.3010000000;100;100;1;1
36;1;15045.7920000002;300;100;1;1
37;1;5624.2360000000;100;100;1;1
38;0;10691.0184500001;100;100;0;0
39;0;5852.4174500000;100;100;0;0
40;0;15214.8844500002;100;100;0;0
41;0;6780.9644500000;200;100;0;0
42;1;14048.9970000002;100;0;1;1
43;0;14194.1634500002;100;100;0;0
44;0;8363.9354500000;200;100;0;0
45;0;4679.2384500000;100;100;0;0
46;1;15604.5620000002;100;100;1;1
47;0;14174.7464500002;100;100;0;0
48;0;3696.0784500000;0;100;0;0
49;0;7149.7844500000;100;200;0;0
50;1;10645.2700000001;300;100;1;1
51;0;11857.0914500001;100;100;0;0
52;0;7616.8734500000;100;100;0;0
53;0;424.7724500000;200;100;0;0
54;1;1351.4410000000;0;0;1;1
55;1;15152.3430000002;100;100;1;1
56;1;15314.8590000002;100;100;1;1
57;1;4672.7970000000;100;100;1;1
58;0;5876.2464500000;100;200;0;0
59;0;692.3244500000;100;100;0;0
60;1;4520.2440000000;100;100;1;1
61;0;1219.1164500000;100;100;0;0
62;0;4341.8504500000;100;100;0;0
63;1;12742.0730000002;300;100;1;1
64;1;12847.8280000002;100;100;1;1
65;0;7581.1794500000;100;200;0;0
66;1;514.3270000000;100;100;1;1
67;0;3807.4994500000;100;100;0;0
68;0;4727.9714500000;100;100;0;0
69;0;9232.8344500000;100;100;0;0
70;0;4243.9344500000;100;100;0;0
71;1;2947.7450000000;100;100;1;1
72;1;2339.7220000000;0;0;1;1
73;1;6291.4650000000;200;100;1;1
74;0;201.2904500000;100;0;0;0
75;1;9064.6180000000;100;100;1;1
76;1;5121.6360000000;0;100;1;1
77;0;14193.6304500002;100;100;0;0
78;0;15216.9374500002;100;100;0;0
79;1;472.4160000000;100;200;1;1
80;1;10807.2910000001;100;100;1;1
81;0;460.3244500000;100;100;0;0
82;1;9737.2690000001;400;100;1;1
83;0;11598.6734500001;100;100;0;0
84;1;4208.9590000000;100;100;1;1
85;1;3506.4970000000;100;100;1;1
86;0;14759.6274500002;100;200;0;0
87;1;16121.3930000002;100;100;1;1
88;0;14840.7944500002;100;100;0;0
89;1;8602.5820000000;300;100;1;1
90;1;10567.7860000001;0;0;1;1
91;0;7894.7564500000;100;100;0;0
92;1;12231.7990000001;100;200;1;1
93;1;5107.7550000000;100;100;1;1
94;0;2890.0494500000;100;100;0;0
95;0;2051.6704500000;200;100;0;0
96;1;16055.5620000002;100;100;1;1
97;0;13571.9154500002;400;0;0;0
98;0;3416.8734500000;100;200;0;0
99;1;5924.8720000000;100;100;1;1
100;1;12407.8830000001;100;100;1;1
101;1;11.2460000000;0;0;1;1
102;1;12243.0100000001;100;100;1;1
103;0;8328.8294500000;100;100;0;0
104;0;2344.9744500000;100;100;0;0
105;1;4953.7950000000;0;0;1;1
106;1;2377.2870000000;100;100;1;1
107;1;2865.8870000000;100;100;1;1
108;1;3853.7790000000;200;100;1;1
109;0;13505.6604500002;100;100;0;0
110;1;4117.6340000000;100;100;1;1
111;1;14143.9010000002;100;100;1;1
112;0;6871.7674500000;200;100;0;0
113;0;5949.4074500000;100;100;0;0
114;1;12319.5850000001;100;100;1;1
115;1;11268.8600000001;100;100;1;1
116;1;11733.3390000001;100;100;1;1
117;0;11849.4754500001;200;0;0;0
118;1;9269.5420000000;100;100;1;1
119;0;2954.2624500000;100;100;0;0
120;1;4386.3250000000;100;100;1;1
121;0;1678.4484500000;200;100;0;0
122;0;6607.5134500000;0;0;0;0
123;0;4279.2354500000;200;100;0;0
124;1;15751.3070000002;300;0;1;1
125;0;9845.4694500001;200;0;0;0
126;1;7356.8590000000;200;100;1;1
127;1;5383.8420000000;100;100;1;1
128;0;2772.4514500000;100;100;0;0
129;1;14671.2780000002;100;0;1;1
130;1;2518.6460000000;100;0;1;1
131;1;7470.5740000000;200;100;1;1
132;0;9566.9554500000;200;100;0;0
133;0;16037.0074500002;200;100;0;0
134;1;2642.1620000000;100;100;1;1
135;0;11746.2974500001;100;100;0;0
136;0;4157.3004500000;100;100;0;0
137;1;1218.9930000000;100;100;1;1
138;1;5953.2690000000;100;100;1;1
139;1;10807.7680000001;100;100;1;1
140;1;10745.7160000001;100;100;1;1
141;0;10193.3814500001;100;0;0;0
142;0;1415.9974500000;200;100;0;0
143;0;14355.7134500002;100;0;0;0
144;1;15553.4140000002;100;100;1;1
145;0;7877.0354500000;100;100;0;0
146;0;5756.1264500000;100;100;0;0
147;0;11800.1634500001;100;100;0;0
148;0;5720.5264500000;100;100;0;0
149;1;2379.8130000000;100;100;1;1
150;0;5871.9914500000;0;0;0;0
151;1;2043.2490000000;200;100;1;1
152;0;9676.9444500000;100;100;0;0
153;0;2651.6154500000;0;0;0;0
154;0;16164.7614500002;100;100;0;0
155;0;9214.9624500000;100;100;0;0
156;0;9210.0614500000;100;100;0;0
157;0;10625.0524500001;200;100;0;0
158;0;8253.1614500000;200;100;0;0
159;1;2458.7110000000;100;100;1;1
160;0;624.2394500000;200;100;0;0
161;0;15401.7634500002;100;100;0;0
162;1;5521.4900000000;0;0;1;1
163;0;13367.1474500002;400;100;0;0
164;1;8666.6950000000;200;100;1;1
165;0;5833.2154500000;100;100;0;0
166;1;597.2550000000;0;0;1;1
167;1;11044.6300000001;200;100;1;1
168;0;4948.2554500000;100;100;0;0
169;0;1474.4594500000;300;100;0;0
170;1;4517.2130000000;100;100;1;1
171;1;7291.0530000000;100;100;1;1
172;0;7599.6234500000;100;100;0;0
173;0;3660.4914500000;100;100;0;0
174;1;1544.8950000000;0;0;1;1
175;1;1042.9060000000;200;100;1;1
176;1;3360.5360000000;0;0;1;1
177;1;14673.8080000002;0;0;1;1
178;0;2054.5874500000;100;100;0;0
179;0;5902.8774500000;100;100;0;0
180;0;2820.0484500000;100;100;0;0
181;0;9154.0654500000;200;100;0;0
182;0;1270.2084500000;100;100;0;0
183;1;15271.6920000002;100;100;1;1
184;0;15484.2574500002;100;0;0;0
185;0;5807.6594500000;100;100;0;0
186;1;4176.3300000000;100;100;1;1
187;1;1107.3630000000;100;100;1;1
188;1;11071.9350000001;100;100;1;1
189;1;10929.8340000001;100;100;1;1
190;0;4186.2764500000;0;0;0;0
191;0;13384.6104500002;100;100;0;0
192;0;12799.0834500002;100;100;0;0
193;0;12103.0194500001;100;100;0;0
194;1;12240.5010000001;100;100;1;1
195;1;4134.5690000000;0;0;1;1
196;1;13943.0070000002;100;0;1;1
197;0;7549.3014500000;100;100;0;0
198;1;6727.5310000000;100;100;1;1
199;0;12233.4984500001;100;100;0;0
200;1;9994.7010000001;100;100;1;1
201;0;4113.9914500000;100;100;0;0
202;1;16082.3770000002;0;0;1;1
203;1;7523.0520000000;100;100;1;1
204;0;747.8504500000;100;100;0;0
205;0;1490.3264500000;100;100;0;0
206;0;7242.8894500000;100;100;0;0
207;1;14787.8390000002;100;100;1;1
208;1;10185.5550000001;100;100;1;1
209;0;10526.3814500001;200;100;0;0
210;1;4741.1610000000;100;100;1;1
211;1;10964.6820000001;100;100;1;1
212;0;11224.1194500001;100;100;0;0
213;0;9155.9554500000;100;100;0;0
214;0;91.8054500000;100;100;0;0
215;0;3888.1854500000;100;100;0;0
216;1;14890.8660000002;100;100;1;1
217;0;13725.2554500002;100;100;0;0
218;1;9101.5990000000;100;100;1;1
219;0;15502.5814500002;100;100;0;0
220;0;15353.7264500002;100;100;0;0
221;1;6048.8450000000;100;100;1;1
222;1;2044.2350000000;100;100;1;1
223;1;1448.4640000000;100;100;1;1
224;1;1804.8710000000;300;100;1;1
225;1;9240.7390000000;100;100;1;1
226;0;14036.9014500002;100;100;0;0
227;0;1211.5124500000;100;100;0;0
228;1;5077.8420000000;100;100;1;1
229;0;2167.3794500000;100;200;0;0
230;1;13657.7510000002;100;100;1;1
231;0;13219.4664500002;200;100;0;0
232;0;36.5244500000;100;100;0;0
233;1;15779.0280000002;100;100;1;1
234;1;1532.7960000000;100;100;1;1
235;0;2250.3194500000;100;100;0;0
236;1;4498.7050000000;200;100;1;1
237;1;2995.1920000000;100;100;1;1
238;1;13111.1520000002;200;100;1;1
239;0;6641.0384500000;100;100;0;0
240;1;2560.6360000000;100;100;1;1
241;0;3948.6304500000;100;100;0;0
242;0;9592.8714500000;100;0;0;0
243;1;3274.3590000000;200;100;1;1
244;1;14789.7510000002;100;100;1;1
245;1;3798.5570000000;100;100;1;1
246;0;15233.0004500002;100;100;0;0
247;1;2457.7860000000;100;100;1;1
248;1;9064.6180000000;100;100;1;1
249;0;4238.5274500000;100;100;0;0
250;0;12153.4304500001;100;100;0;0
251;1;14687.2810000002;100;100;1;1
252;1;8032.7420000000;100;100;1;1
253;1;15853.4470000002;200;100;1;1
254;0;334.6514500000;100;0;0;0
255;1;3191.1590000000;100;100;1;1
256;1;3426.0490000000;100;100;1;1
257;1;3148.4370000000;100;100;1;1
258;1;10586.7010000001;100;0;1;1
259;1;1305.7260000000;100;100;1;1
260;1;2796.0380000000;100;100;1;1
261;0;11506.1234500001;100;100;0;0
262;1;5632.8280000000;100;100;1;1
263;1;3682.2830000000;0;0;1;1
264;0;12899.3684500002;100;100;0;0
265;0;2168.8224500000;100;100;0;0
266;0;11431.2324500001;100;0;0;0
267;0;6604.3184500000;100;100;0;0
268;1;9019.4230000000;100;100;1;1
269;1;15791.0170000002;100;100;1;1
270;1;5464.7800000000;100;100;1;1
271;1;1007.3780000000;200;100;1;1
272;1;4046.5080000000;100;100;1;1
273;0;11737.2934500001;100;100;0;0
274;0;3902.6704500000;100;100;0;0
275;1;187.8640000000;100;100;1;1
276;1;5529.2810000000;100;100;1;1
277;0;2716.3664500000;100;100;0;0
278;0;2613.2784500000;200;100;0;0
279;1;4654.7910000000;100;100;1;1
280;1;7315.5920000000;100;100;1;1
281;0;12551.3884500001;100;100;0;0
282;1;2833.7940000000;100;100;1;1
283;0;1604.6714500000;200;100;0;0
284;1;15678.0310000002;100;100;1;1
285;0;2986.9384500000;100;100;0;0
286;1;5821.2170000000;100;100;1;1
287;0;14515.8314500002;100;100;0;0
288;1;12771.3770000002;100;100;1;1
289;0;14659.5524500002;100;100;0;0
290;0;9692.1604500001;100;100;0;0
291;0;9443.6384500000;200;100;0;0
292;1;3013.3910000000;100;100;1;1
293;0;335.1654500000;100;100;0;0
294;1;7918.3000000000;100;100;1;1
295;1;14134.8780000002;100;100;1;1
296;0;13129.9824500002;100;100;0;0
297;0;2399.2474500000;100;100;0;0
298;1;6710.2750000000;100;100;1;1
299;0;11424.0404500001;100;100;0;0
300;1;12273.1180000001;100;100;1;1
301;1;6638.6540000000;100;100;1;1
302;0;11637.3864500001;100;100;0;0
303;0;13996.8074500002;100;100;0;0
304;0;13886.8714500002;100;100;0;0
305;1;9750.3410000001;100;100;1;1
306;1;15893.7130000002;100;100;1;1
307;0;10679.4114500001;100;100;0;0
308;1;28.2130000000;100;100;1;1
309;0;7283.6364500000;100;100;0;0
310;0;7658.2134500000;100;100;0;0
311;0;12604.3724500002;100;100;0;0
312;0;10851.9674500001;100;100;0;0
313;0;274.9014500000;100;200;0;0
314;1;11359.6330000001;100;100;1;1
315;0;3602.5264500000;100;0;0;0
316;1;7953.1010000000;100;100;1;1
317;0;3537.5704500000;200;100;0;0
318;0;1007.5014500000;100;100;0;0
319;0;6738.3844500000;100;100;0;0
320;0;423.8184500000;100;100;0;0
321;1;7480.0690000000;100;100;1;1
322;1;11053.2090000001;200;100;1;1
323;1;6199.5790000000;100;100;1;1
324;0;10046.4994500001;100;100;0;0
325;0;6715.3314500000;0;0;0;0
326;1;4702.0050000000;100;0;1;1
327;1;1659.2020000000;100;100;1;1
328;0;5942.7284500000;100;100;0;0
329;1;14851.7910000002;100;0;1;1
330;0;5396.8404500000;100;100;0;0
331;0;15471.1664500002;100;100;0;0
332;0;4235.0844500000;100;200;0;0
333;1;15716.7260000002;100;100;1;1
334;1;1562.7760000000;100;100;1;1
335;1;4751.5010000000;100;100;1;1
336;1;6633.6890000000;0;0;1;1
337;0;14773.1374500002;100;100;0;0
338;0;402.2774500000;0;100;0;0
339;0;3109.7304500000;100;100;0;0
340;0;6387.3424500000;100;100;0;0
341;1;10822.0830000001;0;0;1;1
342;0;2564.7814500000;0;100;0;0
343;0;3641.8404500000;100;100;0;0
344;0;12675.1934500002;0;100;0;0
345;0;2449.6854500000;100;100;0;0
346;0;10881.2374500001;100;100;0;0
347;0;7414.7204500000;100;100;0;0
348;1;11463.6330000001;100;0;1;1
349;1;12834.8050000002;200;100;1;1
350;0;8793.1214500000;100;100;0;0
351;0;8345.5944500000;200;100;0;0
352;0;10338.0324500001;100;100;0;0
353;1;2408.1040000000;100;100;1;1
354;1;6055.6740000000;100;100;1;1
355;0;12934.0054500002;100;100;0;0
356;1;3642.2950000000;100;0;1;1
357;0;11821.2564500001;100;100;0;0
358;0;4950.9544500000;200;100;0;0
359;0;13017.6784500002;100;100;0;0
360;0;4796.4514500000;100;100;0;0
361;1;13497.0860000002;200;100;1;1
362;1;1114.2940000000;100;100;1;1
363;0;9566.5074500000;100;200;0;0
364;0;15736.2494500002;100;100;0;0
365;1;9790.3640000001;100;100;1;1
366;1;2442.7000000000;100;100;1;1
367;1;5894.8260000000;100;100;1;1
368;0;14155.4474500002;100;100;0;0
369;1;2752.5290000000;200;0;1;1
370;1;1851.5090000000;100;0;1;1
371;1;2889.3990000000;100;100;1;1
372;0;8643.9474500000;100;100;0;0
373;1;14726.7280000002;100;100;1;1
374;0;198.4774500000;100;100;0;0
375;1;12383.2260000001;100;100;1;1
376;0;13981.3204500002;100;100;0;0
377;1;13417.7380000002;100;100;1;1
378;1;15295.7150000002;100;100;1;1
379;0;7829.9154500000;100;100;0;0
380;1;12089.8780000001;100;100;1;1
381;0;1732.7264500000;100;0;0;0
382;0;11608.4724500001;100;100;0;0
383;1;6945.5120000000;100;100;1;1
384;1;13159.2910000002;100;200;1;1
385;0;12063.2844500001;100;100;0;0
386;1;10806.9890000001;0;100;1;1
387;0;10073.5924500000;100;0;0;0
388;1;4329.4790000000;100;100;1;1
389;1;4692.6220000000;100;100;1;1
390;0;9327.6404500001;100;100;0;0
391;0;5280.1474500000;200;100;0;0
392;1;14979.2270000002;100;100;1;1
393;1;12967.4840000002;100;100;1;1
394;1;11692.7770000001;100;0;1;1
395;0;8886.3514500000;100;100;0;0
396;0;4041.4244500000;100;100;0;0
397;0;12724.0634500002;100;0;0;0
398;0;715.7584500000;100;100;0;0
399;1;9149.3180000000;100;0;1;1
400;1;11074.9200000001;200;100;1;1
401;0;6672.6004500000;100;100;0;0
402;0;7694.2794500000;100;100;0;0
403;0;10913.1094500001;100;100;0;0
404;1;15018.2600000002;100;100;1;1
405;0;12320.5374500001;100;200;0;0
406;0;5224.3114500000;200;100;0;0
407;0;11.0214500000;100;100;0;0
408;0;7780.7514500000;100;100;0;0
409;1;3001.7020000000;100;100;1;1
410;1;14121.1340000002;200;100;1;1
411;0;7793.7074500000;100;100;0;0
412;0;3901.1294500000;100;100;0;0
413;0;14434.3384500002;100;100;0;0
414;1;16167.7490000002;100;100;1;1
415;1;14745.1840000002;100;100;1;1
416;1;3914.0760000000;100;100;1;1
417;1;8351.7850000000;100;100;1;1
418;1;396.1320000000;0;0;1;1
419;1;2692.2280000000;100;100;1;1
420;1;8273.7050000000;0;100;1;1
421;1;15478.7500000002;100;100;1;1
422;1;10260.1910000001;100;0;1;1
423;1;9085.5820000000;100;0;1;1
424;1;921.3180000000;100;0;1;1
425;1;3481.0820000000;200;100;1;1
426;1;14417.7580000002;100;100;1;1
427;0;4106.4364500000;100;100;0;0
428;0;16237.9804500002;100;100;0;0
429;1;7575.6460000000;100;100;1;1
430;0;7180.5614500000;100;100;0;0
431;0;14339.0354500002;100;100;0;0
432;1;12815.7680000002;200;100;1;1
433;0;2576.7404500000;100;100;0;0
434;1;13528.4470000002;100;0;1;1
435;1;3617.6510000000;0;0;1;1
436;0;9376.5694500000;100;100;0;0
437;1;4960.7220000000;100;100;1;1
438;1;14432.2090000002;100;100;1;1
439;0;1035.0704500000;100;100;0;0
440;0;11577.0154500001;100;0;0;0
441;0;14435.4444500002;100;100;0;0
442;0;4867.9114500000;100;100;0;0
443;0;2132.0534500000;100;100;0;0
444;0;5378.5484500000;100;100;0;0
445;1;5512.4980000000;100;100;1;1
446;0;4828.7584500000;100;0;0;0
447;0;3060.5734500000;100;100;0;0
448;1;2192.2870000000;100;100;1;1
449;1;3898.2440000000;100;100;1;1
450;1;7062.5780000000;100;100;1;1
451;1;3889.0780000000;0;0;1;1
452;0;3314.6974500000;100;100;0;0
453;0;685.6564500000;100;100;0;0
454;0;8459.7294500000;100;0;0;0
455;0;13995.9854500002;100;100;0;0
456;1;447.9890000000;100;100;1;1
457;1;16043.7780000002;100;100;1;1
458;1;11033.3960000001;200;100;1;1
459;0;10519.1024500001;100;200;0;0
460;0;9667.7864500000;100;100;0;0
461;1;1947.0120000000;100;100;1;1
462;0;8312.6334500000;100;100;0;0
463;0;13279.8514500002;100;100;0;0
464;1;10399.0610000001;100;100;1;1
465;0;7074.0334500000;100;100;0;0
466;0;6718.7624500000;100;0;0;0
467;1;14584.5300000002;100;100;1;1
468;1;71.4340000000;100;100;1;1
469;1;2393.8270000000;100;100;1;1
470;0;16095.0474500002;100;100;0;0
471;1;9255.2780000000;100;100;1;1
472;1;2071.4480000000;100;100;1;1
473;1;1270.0850000000;100;100;1;1
474;0;9758.2814500001;100;100;0;0
475;0;10080.6144500000;100;100;0;0
476;0;10675.8294500001;100;100;0;0
477;1;2986.8150000000;100;100;1;1
478;0;789.1164500000;100;100;0;0
479;0;377.5184500000;100;100;0;0
480;0;2969.6684500000;100;100;0;0
481;0;3220.5534500000;100;100;0;0
482;0;6060.2604500000;100;100;0;0
483;1;2438.8760000000;100;100;1;1
484;1;1891.0480000000;100;100;1;1
485;1;6502.4490000000;200;100;1;1
486;0;12756.9354500002;100;100;0;0
487;0;1611.7284500000;100;0;0;0
488;0;10713.4754500001;100;100;0;0
489;1;8293.4050000000;100;100;1;1
490;1;11307.8870000001;100;200;1;1
491;1;2471.6660000000;100;100;1;1
492;1;15055.2190000002;100;0;1;1
493;0;11483.7964500001;100;100;0;0
494;0;14926.6754500002;100;100;0;0
495;1;5804.4830000000;100;100;1;1
496;1;2967.7760000000;100;100;1;1
497;0;12519.5194500001;100;100;0;0
498;1;15516.3130000002;100;100;1;1
499;1;3947.2600000000;100;100;1;1
500;0;3476.1204500000;100;100;0;0
501;1;5846.2130000000;0;100;1;1
502;1;6863.2780000000;100;100;1;1
503;0;10348.1564500001;100;100;0;0
504;0;13050.1014500002;100;100;0;0
505;1;6642.5680000000;100;100;1;1
506;1;9963.5040000001;100;100;1;1
507;0;10189.0834500001;100;100;0;0
508;1;5490.0660000000;100;100;1;1
509;1;10218.6900000001;100;100;1;1
510;0;2496.8714500000;200;100;0;0
511;0;10609.2464500001;100;100;0;0
512;0;9507.2244500000;100;100;0;0
513;0;2659.8194500000;100;100;0;0
514;0;13373.0494500002;100;100;0;0
515;0;11424.9264500001;100;100;0;0
516;0;8186.9534500000;100;100;0;0
517;1;5946.1550000000;100;100;1;1
518;1;7494.8860000000;100;100;1;1
519;1;10539.1690000001;0;0;1;1
520;0;4324.5774500000;100;100;0;0
521;1;11194.3490000001;100;100;1;1
522;0;673.2424500000;100;100;0;0
523;1;11480.4830000001;100;100;1;1
524;0;6042.0904500000;100;0;0;0
525;0;11153.0854500001;0;0;0;0
526;0;13450.8554500002;100;100;0;0
527;1;128.5670000000;100;100;1;1
528;1;14118.9500000002;200;100;1;1
529;0;2968.3304500000;100;100;0;0
530;1;11032.1230000001;0;0;1;1
531;1;5224.0790000000;100;100;1;1
532;1;11700.3110000001;100;100;1;1
533;1;8779.7010000000;100;100;1;1
534;0;7813.1294500000;100;100;0;0
535;0;14380.5504500002;100;100;0;0
536;0;4893.9194500000;100;100;0;0
537;0;516.4924500000;0;0;0;0
538;0;11321.9404500001;100;100;0;0
539;0;5338.7364500000;100;100;0;0
540;1;392.9640000000;100;100;1;1
541;1;6212.3130000000;100;100;1;1
542;0;521.2894500000;100;100;0;0
543;1;13331.8140000002;100;0;1;1
544;0;607.1184500000;100;100;0;0
545;1;6637.9430000000;100;100;1;1
546;0;4080.1954500000;100;100;0;0
547;0;3229.2764500000;100;100;0;0
548;0;2042.6874500000;100;100;0;0
549;0;12684.2484500002;100;100;0;0
550;0;1533.5984500000;100;100;0;0
551;1;6050.4660000000;100;100;1;1
552;1;11118.1350000001;100;100;1;1
553;1;14925.8640000002;100;100;1;1
554;1;5179.4010000000;100;100;1;1
555;1;11961.7090000001;100;0;1;1
556;0;13444.9574500002;100;100;0;0
557;1;339.2310000000;100;100;1;1
558;0;14705.6064500002;100;100;0;0
559;1;12283.3580000001;0;0;1;1
560;0;10364.8654500001;100;100;0;0
561;1;3306.7770000000;100;100;1;1
562;0;5023.4154500000;100;100;0;0
563;1;11302.8790000001;100;100;1;1
564;0;8515.9824500000;100;100;0;0
565;1;12509.8910000001;100;100;1;1
566;0;15456.9054500002;200;100;0;0
567;1;6987.8620000000;100;100;1;1
568;1;11543.9600000001;100;100;1;1
569;1;9680.0900000000;100;100;1;1
570;0;11398.8294500001;100;100;0;0
571;1;6791.2690000000;100;100;1;1
572;0;13692.8114500002;100;100;0;0
573;0;10862.7704500001;100;0;0;0
574;1;9765.9280000001;100;0;1;1
575;0;12498.6364500001;100;100;0;0
576;1;12002.7020000001;200;100;1;1
577;0;11600.9854500001;100;100;0;0
578;1;10563.3380000001;100;100;1;1
579;0;7372.9644500000;100;100;0;0
580;1;3917.0250000000;100;0;1;1
581;0;15826.3214500002;100;100;0;0
582;0;11798.3934500001;100;100;0;0
583;1;10534.7210000001;100;100;1;1
584;0;3573.1794500000;100;100;0;0
585;0;1643.8034500000;100;0;0;0
586;0;10392.5134500001;100;100;0;0
587;0;2814.6484500000;100;100;0;0
588;1;10836.1130000001;100;100;1;1
589;0;2876.8814500000;200;100;0;0
590;0;5088.5664500000;100;100;0;0
591;0;1512.2884500000;100;100;0;0
592;1;15304.6250000002;100;100;1;1
593;0;13966.9004500002;100;100;0;0
594;0;1439.0614500000;100;0;0;0
595;1;6618.9730000000;0;100;1;1
596;1;2303.9610000000;100;100;1;1
597;0;10356.4424500001;100;100;0;0
598;0;2025.8444500000;100;200;0;0
599;1;14605.7670000002;200;100;1;1
600;1;9531.2950000000;100;100;1;1
601;0;4035.6234500000;100;100;0;0
602;1;15950.2710000002;100;100;1;1
603;0;1114.1874500000;100;100;0;0
604;1;6894.6350000000;100;100;1;1
605;1;3051.1620000000;100;100;1;1
606;1;4409.2560000000;100;100;1;1
607;1;3948.3100000000;100;100;1;1
608;1;6167.7140000000;100;100;1;1
609;0;5592.1024500000;100;100;0;0
610;1;7934.2070000000;100;100;1;1
611;0;12510.0144500001;100;100;0;0
612;1;9983.9660000001;100;100;1;1
613;0;12812.7344500002;0;100;0;0
614;1;14505.9430000002;100;100;1;1
615;0;5421.4954500000;100;100;0;0
616;0;11510.4324500001;100;100;0;0
617;1;10393.9540000001;100;0;1;1
618;1;9696.1420000001;100;0;1;1
619;0;7377.0314500000;100;100;0;0
620;1;12669.9470000002;100;100;1;1
621;0;1914.6344500000;200;100;0;0
622;0;11885.5754500001;200;100;0;0
623;0;298.1634500000;100;100;0;0
624;0;11820.0814500001;100;100;0;0
625;1;10870.0340000001;0;100;1;1
626;0;11955.3394500001;100;100;0;0
627;1;407.1430000000;100;100;1;1
628;1;9462.7110000000;100;100;1;1
629;0;3742.1194500000;100;100;0;0
630;0;12947.5394500002;100;100;0;0
631;0;6506.4174500000;100;100;0;0
632;0;176.2514500000;100;100;0;0
633;1;10520.3290000001;0;0;1;1
634;0;6315.9814500000;100;0;0;0
635;1;15660.4090000002;200;100;1;1
636;1;14848.0280000002;100;100;1;1
637;0;2645.2144500000;100;100;0;0
638;0;15770.9164500002;200;100;0;0
639;0;8005.2054500000;100;100;0;0
640;0;2729.7564500000;100;100;0;0
641;1;1443.2740000000;100;100;1;1
642;0;12158.9084500001;100;100;0;0
643;0;15477.2304500002;100;0;0;0
644;1;8148.7020000000;100;100;1;1
645;1;9099.0850000000;100;100;1;1
646;1;10367.0370000001;100;0;1;1
647;0;13207.4954500002;200;100;0;0
648;1;7505.7340000000;100;0;1;1
649;0;6997.6834500000;100;0;0;0
650;1;4787.7360000000;100;100;1;1
651;1;8244.2980000000;100;100;1;1
652;0;8928.2354500000;100;100;0;0
653;1;4888.0550000000;100;100;1;1
654;1;4987.5480000000;100;100;1;1
655;1;388.8780000000;200;0;1;1
656;1;7113.4890000000;100;100;1;1
657;0;10753.9294500001;100;100;0;0
658;1;7764.6670000000;100;100;1;1
659;1;9769.2060000001;100;100;1;1
660;0;5723.1224500000;100;100;0;0
661;0;2286.5484500000;100;100;0;0
662;0;4054.5144500000;100;100;0;0
663;1;9172.3690000000;100;100;1;1
664;1;9000.5030000000;100;100;1;1
665;1;15217.7430000002;100;100;1;1
666;0;4564.7504500000;100;100;0;0
667;1;4541.1930000000;0;100;1;1
668;0;15250.0344500002;100;100;0;0
669;1;4852.3680000000;100;100;1;1
670;1;1650.8830000000;100;0;1;1
671;0;4103.1054500000;0;0;0;0
672;0;12943.5544500002;0;0;0;0
673;0;3460.0114500000;100;100;0;0
674;1;14750.7570000002;100;100;1;1
675;0;4965.9114500000;100;100;0;0
676;0;10763.4974500001;100;100;0;0
677;1;2082.3380000000;100;0;1;1
678;0;8175.1054500000;100;0;0;0
679;1;15291.8250000002;0;0;1;1
680;1;4973.6680000000;100;0;1;1
681;1;14309.2090000002;100;100;1;1
682;1;5591.9320000000;100;6600;1;1
683;1;12447.1160000001;100;100;1;1
684;1;14029.0170000002;100;100;1;1
685;0;11380.3454500001;100;0;0;0
686;1;11788.2910000001;100;100;1;1
687;0;1698.9274500000;100;100;0;0
688;1;432.6830000000;100;100;1;1
689;0;5840.5264500000;100;100;0;0
690;1;764.6090000000;100;100;1;1
691;1;11268.3530000001;100;100;1;1
692;1;7612.7850000000;100;100;1;1
693;1;7369.7210000000;100;100;1;1
694;1;4596.0450000000;100;100;1;1
695;1;8164.2300000000;100;100;1;1
696;1;4598.2430000000;100;100;1;1
697;1;12474.0420000001;100;100;1;1
698;1;8357.7820000000;100;100;1;1
699;0;11577.2694500001;100;100;0;0
700;0;10313.7054500001;200;100;0;0
701;1;13330.3180000002;100;100;1;1
702;1;9542.5990000000;0;0;1;1
703;1;12637.7690000002;0;0;1;1
704;0;7434.1504500000;100;0;0;0
705;0;8095.7184500000;200;100;0;0
706;1;15352.2590000002;100;100;1;1
707;0;10533.3024500001;0;100;0;0
708;0;5739.6704500000;100;100;0;0
709;0;13536.0404500002;100;100;0;0
710;1;8593.3110000000;100;100;1;1
711;0;1497.2654500000;100;100;0;0
712;0;9278.3774500000;100;100;0;0
713;1;14351.4970000002;100;100;1;1
714;0;13779.3194500002;100;100;0;0
715;1;2567.1590000000;100;100;1;1
716;1;1640.1520000000;100;100;1;1
717;0;12458.8834500001;100;100;0;0
718;1;2203.6820000000;200;100;1;1
719;0;12275.4224500001;100;100;0;0
720;1;15269.9130000002;100;100;1;1
721;0;12972.0614500002;100;100;0;0
722;1;10939.1310000001;100;100;1;1
723;0;5723.7174500000;100;100;0;0
724;1;7030.7780000000;100;100;1;1
725;1;12313.8190000001;100;100;1;1
726;0;3045.8194500000;100;100;0;0
727;0;13599.9474500002;200;100;0;0
728;0;12726.3944500002;100;100;0;0
729;0;4674.4664500000;100;100;0;0
730;1;7045.3210000000;100;100;1;1
731;0;6929.5174500000;100;100;0;0
732;0;10375.2834500001;100;100;0;0
733;1;6898.8930000000;100;100;1;1
734;0;13721.7774500002;100;100;0;0
735;0;13059.0764500002;100;100;0;0
736;1;13917.3220000002;100;100;1;1
737;1;3470.6850000000;0;100;1;1
738;0;5438.1984500000;100;100;0;0
739;0;4401.8534500000;100;100;0;0
740;1;5542.4670000000;200;100;1;1
741;1;8226.2970000000;100;100;1;1
742;1;4122.8560000000;100;100;1;1
743;0;2218.6404500000;100;100;0;0
744;1;1113.1480000000;100;0;1;1
745;0;13681.9724500002;0;0;0;0
746;1;6478.1880000000;100;100;1;1
747;0;1940.4624500000;100;200;0;0
748;0;2471.2074500000;100;100;0;0
749;1;7584.4470000000;0;100;1;1
750;0;3449.1194500000;100;100;0;0
751;1;15721.6890000002;100;100;1;1
752;1;1950.1500000000;100;100;1;1
753;0;7972.7284500000;100;100;0;0
754;1;1291.4130000000;100;100;1;1
755;1;2368.3880000000;100;100;1;1
756;0;4177.9744500000;100;100;0;0
757;0;2236.5044500000;100;100;0;0
758;1;12227.2260000001;100;100;1;1
759;1;11143.5830000001;100;100;1;1
760;0;1818.3204500000;100;100;0;0
761;0;2571.8414500000;100;100;0;0
762;1;14612.5990000002;100;100;1;1
763;0;1873.4594500000;100;100;0;0
764;1;1355.2950000000;100;100;1;1
765;0;5422.6834500000;100;100;0;0
766;0;12758.0074500002;0;100;0;0
767;0;9345.2364500000;100;100;0;0
768;1;2943.6930000000;100;100;1;1
769;1;2281.7020000000;100;100;1;1
770;0;1087.7584500000;100;100;0;0
771;1;16179.1300000002;0;0;1;1
772;0;14412.2134500002;200;100;0;0
773;1;7991.8420000000;100;100;1;1
774;0;11830.2004500001;100;100;0;0
775;1;7200.5030000000;0;100;1;1
776;1;2030.7680000000;100;100;1;1
777;1;10659.9350000001;100;100;1;1
778;1;1817.4760000000;100;100;1;1
779;1;9422.5810000000;100;100;1;1
780;1;6481.0230000000;100;0;1;1
781;1;4276.4620000000;0;100;1;1
782;0;1978.9814500000;100;0;0;0
783;0;3808.0804500000;200;100;0;0
784;1;305.6090000000;100;100;1;1
785;1;7600.3490000000;100;100;1;1
786;1;8132.0020000000;100;100;1;1
787;0;2003.2824500000;0;100;0;0
788;0;7425.5464500000;100;100;0;0
789;0;3003.7934500000;100;100;0;0
790;0;4254.2224500000;100;100;0;0
791;1;10836.3010000001;100;0;1;1
792;0;13847.9254500002;0;100;0;0
793;1;8454.4770000000;100;100;1;1
794;1;4164.0770000000;100;100;1;1
795;1;15553.5350000002;100;100;1;1
796;1;9836.4090000001;100;100;1;1
797;1;4252.3810000000;100;100;1;1
798;0;13451.6544500002;100;100;0;0
799;1;13663.4880000002;0;0;1;1
800;1;2245.8940000000;100;100;1;1
801;0;8974.4374500000;100;200;0;0
802;0;9901.7244500001;100;0;0;0
803;1;1892.0060000000;100;100;1;1
804;0;12056.1164500001;100;100;0;0
805;0;10152.4664500000;200;100;0;0
806;1;7813.2050000000;100;100;1;1
807;1;14334.9640000002;100;100;1;1
808;1;9152.3890000000;100;0;1;1
809;1;11826.0880000001;100;100;1;1
810;1;9507.9290000000;100;100;1;1
811;0;15799.7194500002;100;100;0;0
812;0;11888.1804500001;100;100;0;0
813;0;2028.0194500000;100;100;0;0
814;1;8569.1410000000;100;100;1;1
815;1;9054.9010000000;100;100;1;1
816;0;9460.2494500000;100;100;0;0
817;1;4110.9250000000;100;100;1;1
818;1;10742.6290000001;100;100;1;1
819;1;13707.2700000002;100;100;1;1
820;0;564.7294500000;100;100;0;0
821;0;16070.3174500002;100;200;0;0
822;0;8439.9324500000;100;100;0;0
823;0;14653.0734500002;100;100;0;0
824;1;1100.6930000000;100;100;1;1
825;1;411.9780000000;100;100;1;1
826;1;5987.5170000000;100;100;1;1
827;1;10267.8010000001;0;0;1;1
828;0;5448.2394500000;100;100;0;0
829;1;6823.1890000000;100;100;1;1
830;1;14417.4100000002;0;0;1;1
831;1;13669.9190000002;100;100;1;1
832;0;14986.4044500002;100;100;0;0
833;1;3597.2940000000;100;100;1;1
834;0;15366.8184500002;100;100;0;0
835;0;7254.4044500000;200;100;0;0
836;1;2735.2450000000;100;100;1;1
837;1;3915.0690000000;100;0;1;1
838;1;9086.5000000000;100;100;1;1
839;1;13325.2890000002;100;100;1;1
840;1;11454.1390000001;100;100;1;1
841;0;15515.4624500002;100;100;0;0
842;1;15036.2450000002;100;100;1;1
843;1;3638.0330000000;100;100;1;1
844;1;8543.1610000000;100;0;1;1
845;1;8246.1770000000;100;100;1;1
846;0;9680.3724500000;100;0;0;0
847;0;6849.6674500000;100;0;0;0
848;1;4147.7790000000;100;100;1;1
849;0;14288.3374500002;100;100;0;0
850;1;12849.7000000002;100;100;1;1
851;1;5797.0800000000;100;100;1;1
852;0;8183.1494500000;100;100;0;0
853;1;2149.2770000000;100;100;1;1
854;0;13132.2584500002;100;100;0;0
855;0;123.7684500000;100;0;0;0
856;1;5425.3980000000;100;100;1;1
857;1;13449.8080000002;0;0;1;1
858;1;9525.1410000000;100;100;1;1
859;0;5181.2054500000;100;100;0;0
860;1;14930.3110000002;100;100;1;1
861;1;8455.7080000000;100;100;1;1
862;1;6130.0280000000;100;100;1;1
863;1;5149.5350000000;100;100;1;1
864;0;3659.5304500000;100;100;0;0
865;1;6939.6990000000;100;100;1;1
866;0;8952.7174500000;100;100;0;0
867;1;4670.6640000000;100;100;1;1
868;1;15132.3620000002;200;100;1;1
869;0;2984.2354500000;100;100;0;0
870;1;8177.5050000000;100;100;1;1
871;0;2025.1954500000;100;100;0;0
872;1;5962.3700000000;100;100;1;1
873;0;12029.7374500001;100;0;0;0
874;1;11897.3440000001;100;100;1;1
875;1;12580.7420000001;100;100;1;1
876;0;10946.8084500001;100;100;0;0
877;1;6083.1960000000;100;100;1;1
878;0;16154.0404500002;100;100;0;0
879;0;13490.5644500002;100;0;0;0
880;0;16140.3104500002;0;100;0;0
881;1;14025.2180000002;100;100;1;1
882;1;10010.7810000001;100;100;1;1
883;0;3751.8964500000;100;100;0;0
884;0;14193.1514500002;100;100;0;0
885;0;11514.5764500001;100;200;0;0
886;0;14933.6734500002;100;100;0;0
887;1;1720.3890000000;100;100;1;1
888;1;11894.8710000001;100;100;1;1
889;0;9285.5634500000;100;100;0;0
890;1;12362.8220000001;200;100;1;1
891;1;11572.8110000001;100;100;1;1
892;0;7769.1584500000;100;100;0;0
893;1;12602.4780000002;0;100;1;1
894;1;3597.2940000000;100;100;1;1
895;1;8528.4700000000;100;100;1;1
896;1;4059.0930000000;100;100;1;1
897;0;15373.0654500002;100;100;0;0
898;0;6563.7464500000;100;100;0;0
899;1;7407.5940000000;100;100;1;1
900;1;4550.4030000000;100;100;1;1
901;1;12835.6630000002;0;0;1;1
902;0;5707.7424500000;100;100;0;0
903;0;2744.5924500000;100;100;0;0
904;0;14368.4184500002;100;100;0;0
905;0;15971.9624500002;100;100;0;0
906;0;1770.5754500000;100;100;0;0
907;0;8894.7444500000;100;200;0;0
908;1;9015.2970000000;100;100;1;1
909;0;3129.8584500000;100;100;0;0
910;1;14407.3410000002;100;100;1;1
911;0;4309.9744500000;100;100;0;0
912;1;3767.3180000000;100;100;1;1
913;1;3722.1930000000;100;100;1;1
914;0;5955.2234500000;100;100;0;0
915;1;8394.8190000000;100;100;1;1
916;0;10587.2744500001;100;100;0;0
917;1;4808.5320000000;100;100;1;1
918;0;2328.1114500000;100;100;0;0
919;0;13266.3864500002;100;100;0;0
920;1;13354.8270000002;100;100;1;1
921;0;6668.1874500000;100;100;0;0
922;1;3947.2600000000;100;100;1;1
923;1;15902.1050000002;100;100;1;1
924;0;10633.2144500001;100;100;0;0
925;1;14591.7200000002;100;100;1;1
926;1;13530.6150000002;0;0;1;1
927;1;3182.9160000000;100;100;1;1
928;1;11316.2260000001;100;100;1;1
929;1;775.0350000000;100;100;1;1
930;0;16066.3054500002;100;100;0;0
931;0;4016.4914500000;100;0;0;0
932;0;16092.8104500002;100;100;0;0
933;1;14505.1100000002;100;100;1;1
934;1;10616.8290000001;100;100;1;1
935;1;13382.4450000002;100;100;1;1
936;0;1085.0694500000;100;100;0;0
937;1;1343.8950000000;100;100;1;1
938;1;10799.0630000001;100;100;1;1
939;1;15911.3130000002;100;100;1;1
940;0;928.7104500000;100;100;0;0
941;1;15043.4310000002;100;100;1;1
942;1;15276.9460000002;100;100;1;1
943;0;11970.0954500001;100;100;0;0
944;1;15095.1060000002;100;100;1;1
945;0;8294.5214500000;100;0;0;0
946;0;12624.7674500002;100;100;0;0
947;1;12522.8970000001;100;100;1;1
948;0;13821.0944500002;0;100;0;0
949;0;16226.3204500002;100;100;0;0
950;1;4422.6770000000;0;100;1;1
951;0;4074.1874500000;100;0;0;0
952;1;11057.1740000001;0;0;1;1
953;1;16234.3880000002;0;100;1;1
954;0;14546.6444500002;100;100;0;0
955;0;13123.3234500002;100;100;0;0
956;0;9409.3374500000;100;100;0;0
957;0;1624.3724500000;100;100;0;0
958;1;1969.1590000000;100;100;1;1
959;1;9466.5720000000;100;100;1;1
960;1;12255.7430000001;100;100;1;1
961;1;8320.5870000000;100;100;1;1
962;0;4446.8794500000;100;100;0;0
963;1;7745.3330000000;100;100;1;1
964;0;4943.6014500000;100;0;0;0
965;1;13541.0210000002;100;100;1;1
966;0;7130.4764500000;100;100;0;0
967;0;7320.8054500000;100;100;0;0
968;0;3918.1344500000;100;100;0;0
969;1;15323.5810000002;100;100;1;1
970;0;8080.3004500000;100;100;0;0
971;0;16248.7534500002;100;100;0;0
972;0;9188.2534500000;200;100;0;0
973;0;462.2484500000;100;100;0;0
974;0;5141.6214500000;100;100;0;0
975;0;11800.7314500001;100;100;0;0
976;1;8503.7220000000;100;100;1;1
977;0;11845.2264500001;100;100;0;0
978;1;1073.1090000000;100;100;1;1
979;0;775.4564500000;100;100;0;0
980;0;15884.0454500002;100;100;0;0
981;0;6294.2354500000;100;100;0;0
982;0;9809.1004500001;100;100;0;0
983;1;641.6230000000;200;100;1;1
984;0;14285.9324500002;100;100;0;0
985;0;7816.5604500000;100;100;0;0
986;0;1003.4934500000;100;100;0;0
987;0;6087.2394500000;200;100;0;0
988;1;14480.7050000002;100;100;1;1
989;1;1573.8800000000;100;100;1;1
990;0;8268.2614500000;100;100;0;0
991;1;6877.7580000000;100;100;1;1
992;0;1996.8294500000;100;100;0;0
993;0;9955.9834500001;0;0;0;0
994;1;12212.4750000001;100;100;1;1
995;0;7216.8334500000;100;100;0;0
996;0;16226.0614500002;100;100;0;0
997;1;7266.5040000000;100;100;1;1
998;0;4127.1484500000;100;0;0;0
999;0;15057.5414500002;100;100;0;0
1000;1;3769.8150000000;100;100;1;1
1001;0;15617.3404500002;100;100;0;0
1002;0;3431.6864500000;100;200;0;0
1003;1;649.0730000000;100;100;1;1
1004;1;15654.9670000002;100;100;1;1
1005;1;7659.1730000000;100;100;1;1
1006;1;11294.5800000001;0;0;1;1
1007;0;3716.3654500000;100;100;0;0
1008;1;15732.3130000002;100;0;1;1
1009;0;6580.6794500000;100;0;0;0
1010;0;15742.1444500002;100;100;0;0
1011;0;14773.1374500002;100;100;0;0
1012;1;706.2870000000;100;100;1;1
1013;1;9158.8420000000;0;100;1;1
1014;1;14957.8890000002;100;100;1;1
1015;0;4727.4034500000;100;100;0;0
1016;1;7975.8650000000;100;100;1;1
1017;0;8274.7834500000;100;100;0;0
1018;0;9775.5174500001;100;100;0;0
1019;0;6000.6384500000;100;100;0;0
1020;0;11740.0384500001;100;100;0;0
1021;0;1639.2784500000;100;100;0;0
1022;1;14810.1010000002;100;100;1;1
1023;1;15732.8020000002;100;100;1;1
1024;0;33.5674500000;100;100;0;0
1025;0;2049.8214500000;0;0;0;0
1026;0;6257.9854500000;200;100;0;0
1027;1;15620.4470000002;100;100;1;1
1028;0;5132.8624500000;100;100;0;0
1029;1;1231.3270000000;100;100;1;1
1030;1;2336.2390000000;100;100;1;1
1031;1;9985.5380000001;100;100;1;1
1032;1;5819.6130000000;100;100;1;1
1033;1;603.6470000000;100;100;1;1
1034;1;14866.4270000002;100;100;1;1
1035;0;544.0544500000;0;0;0;0
1036;1;10324.1100000001;100;100;1;1
1037;0;11641.5814500001;100;100;0;0
1038;1;3661.1970000000;100;100;1;1
1039;0;12127.1234500001;100;100;0;0
1040;1;11503.2460000001;100;100;1;1
1041;1;9306.9930000001;100;100;1;1
1042;0;11554.4204500001;0;0;0;0
1043;0;6580.1464500000;0;0;0;0
1044;1;9101.7600000000;100;100;1;1
1045;0;1721.2764500000;100;100;0;0
1046;0;8357.2444500000;100;100;0;0
1047;1;10340.4890000001;100;100;1;1
1048;1;1429.5450000000;100;100;1;1
1049;1;3798.0270000000;100;100;1;1
1050;0;14103.1234500002;100;100;0;0
1051;1;15811.2390000002;100;100;1;1
1052;0;11501.0204500001;0;0;0;0
1053;1;13421.3780000002;100;100;1;1
1054;0;12062.5064500001;100;100;0;0
1055;0;15521.5194500002;200;100;0;0
1056;0;1431.8794500000;100;0;0;0
1057;0;5259.7744500000;100;100;0;0
1058;1;10838.4740000001;100;100;1;1
1059;0;5313.9174500000;0;100;0;0
1060;0;515.0124500000;100;100;0;0
1061;1;9033.5060000000;100;100;1;1
1062;0;10470.4744500001;100;100;0;0
1063;1;6267.6870000000;100;100;1;1
1064;0;7264.2684500000;200;100;0;0
1065;0;9338.5614500001;100;100;0;0
1066;1;3314.9880000000;100;100;1;1
1067;1;6664.4260000000;100;100;1;1
1068;1;7583.0970000000;100;100;1;1
1069;1;11755.2820000001;0;100;1;1
1070;1;9491.7950000000;100;100;1;1
1071;0;4267.8824500000;100;100;0;0
1072;0;11211.4024500001;100;100;0;0
1073;1;12237.1600000001;100;0;1;1
1074;1;320.0250000000;200;100;1;1
1075;1;1621.0170000000;100;100;1;1
1076;1;8686.0270000000;100;100;1;1
1077;0;1727.7184500000;0;0;0;0
1078;0;2887.0464500000;200;100;0;0
1079;0;2957.8634500000;100;100;0;0
1080;0;12102.4334500001;100;100;0;0
1081;0;4954.9194500000;100;0;0;0
1082;0;11560.1454500001;100;100;0;0
1083;1;14003.2760000002;100;100;1;1
1084;0;15954.3334500002;100;100;0;0
1085;1;7813.2050000000;100;100;1;1
1086;1;14934.0070000002;100;0;1;1
1087;1;10257.1500000001;100;100;1;1
1088;1;9393.4170000000;0;0;1;1
1089;0;16117.7274500002;100;100;0;0
1090;0;9194.1964500000;100;100;0;0
1091;1;5835.6290000000;100;100;1;1
1092;1;6412.9200000000;100;100;1;1
1093;1;3614.4910000000;100;100;1;1
1094;1;12964.3880000002;100;100;1;1
1095;1;9983.1630000001;100;100;1;1
1096;1;13267.9210000002;0;0;1;1
1097;1;7653.3630000000;100;100;1;1
1098;1;3057.3920000000;100;100;1;1
1099;0;1701.6294500000;100;100;0;0
1100;0;13723.2954500002;100;100;0;0
1101;0;15529.6084500002;100;100;0;0
1102;1;15193.0070000002;100;100;1;1
1103;1;4558.6590000000;100;0;1;1
1104;1;5813.4230000000;100;100;1;1
1105;0;15771.7004500002;100;100;0;0
1106;0;2064.4984500000;100;100;0;0
1107;1;728.9810000000;100;100;1;1
1108;0;7775.2874500000;100;100;0;0
1109;1;2468.1240000000;100;100;1;1
1110;1;3295.7980000000;100;100;1;1
1111;1;9044.0400000000;100;100;1;1
1112;0;463.3724500000;100;100;0;0
1113;1;14305.8860000002;100;100;1;1
1114;0;7901.5464500000;100;100;0;0
1115;0;3502.8274500000;100;100;0;0
1116;0;2902.9144500000;100;0;0;0
1117;1;12723.9400000002;100;100;1;1
1118;0;13948.7444500002;100;100;0;0
1119;0;12044.4254500001;100;100;0;0
1120;1;2736.0670000000;100;100;1;1
1121;0;6357.6314500000;200;100;0;0
1122;0;9155.9554500000;100;100;0;0
1123;0;5809.6304500000;100;100;0;0
1124;0;2777.4264500000;100;0;0;0
1125;1;14948.4620000002;100;100;1;1
1126;0;2301.1594500000;100;100;0;0
1127;0;2646.0674500000;100;100;0;0
1128;1;4597.6010000000;200;100;1;1
1129;0;2086.0324500000;100;100;0;0
1130;0;7641.2584500000;100;100;0;0
1131;0;8876.4054500000;100;100;0;0
1132;0;10546.3824500001;100;200;0;0
1133;0;6099.0064500000;100;100;0;0
1134;1;15294.1600000002;100;100;1;1
1135;1;12950.9300000002;100;100;1;1
1136;0;10901.6094500001;100;100;0;0
1137;1;12212.4750000001;100;100;1;1
1138;1;12365.0320000001;100;100;1;1
1139;0;13004.0934500002;100;100;0;0
1140;0;6472.3524500000;100;100;0;0
1141;1;5324.0570000000;100;0;1;1
1142;0;6154.9264500000;100;0;0;0
1143;0;14211.7014500002;100;100;0;0
1144;1;269.5780000000;100;100;1;1
1145;0;9718.4174500001;100;100;0;0
1146;0;769.1814500000;100;100;0;0
1147;1;11795.8430000001;0;0;1;1
1148;0;7095.1724500000;100;100;0;0
1149;1;15308.4040000002;100;100;1;1
1150;1;7669.8220000000;100;100;1;1
1151;1;8560.9650000000;0;0;1;1
1152;0;951.9784500000;100;100;0;0
1153;0;4973.7914500000;100;0;0;0
1154;1;10375.4730000001;100;100;1;1
1155;0;2155.0364500000;100;100;0;0
1156;1;10041.0390000001;100;100;1;1
1157;0;15915.0214500002;100;0;0;0
1158;1;11776.6460000001;100;100;1;1
1159;0;6531.3964500000;100;100;0;0
1160;0;2958.6084500000;0;100;0;0
1161;1;7255.1160000000;100;100;1;1
1162;0;2453.3264500000;100;100;0;0
1163;1;10830.2580000001;100;100;1;1
1164;0;4299.3534500000;100;100;0;0
1165;1;7348.7830000000;100;100;1;1
1166;0;12524.7314500001;100;100;0;0
1167;0;4710.5424500000;100;100;0;0
1168;1;1028.0560000000;100;100;1;1
1169;1;1955.8250000000;100;100;1;1
1170;0;2383.7774500000;100;100;0;0
1171;1;6760.9360000000;100;0;1;1
1172;1;13185.7780000002;100;100;1;1
1173;0;3739.4724500000;100;100;0;0
1174;0;12.3354500000;100;100;0;0
1175;1;12269.1650000001;100;100;1;1
1176;0;4481.1804500000;100;100;0;0
1177;1;9998.2670000001;100;100;1;1
1178;0;12178.9304500001;100;100;0;0
1179;1;9173.8450000000;100;100;1;1
1180;1;6284.7390000000;100;100;1;1
1181;1;10939.9800000001;100;100;1;1
1182;0;2934.4034500000;0;100;0;0
1183;1;11964.6170000001;100;100;1;1
1184;0;15347.1784500002;100;100;0;0
1185;0;235.4444500000;100;100;0;0
1186;0;4324.9834500000;100;100;0;0
1187;1;16042.0310000002;100;100;1;1
1188;0;8036.9874500000;100;100;0;0
1189;0;3888.0924500000;100;100;0;0
1190;0;1290.3734500000;100;100;0;0
1191;1;3299.9230000000;100;0;1;1
1192;0;5281.2104500000;200;100;0;0
1193;0;13447.1884500002;100;100;0;0
1194;1;13609.0010000002;100;100;1;1
1195;0;14568.2704500002;100;100;0;0
1196;1;9498.0950000000;0;100;1;1
1197;1;2303.3640000000;100;0;1;1
1198;0;1437.5724500000;100;100;0;0
1199;1;12566.6600000001;100;100;1;1
1200;1;7955.7430000000;100;0;1;1
1201;0;9828.2974500001;100;100;0;0
1202;0;267.7274500000;100;100;0;0
1203;1;7428.9210000000;100;100;1;1
1204;1;11691.6800000001;100;100;1;1
1205;1;15296.1900000002;100;100;1;1
1206;1;13923.5440000002;100;100;1;1
1207;1;5097.1760000000;100;100;1;1
1208;0;14445.8264500002;100;100;0;0
1209;0;9443.9864500000;100;100;0;0
1210;1;7182.8230000000;100;100;1;1
1211;0;6767.8694500000;100;100;0;0
1212;0;2734.4204500000;100;100;0;0
1213;0;3011.5624500000;100;100;0;0
1214;0;14662.4244500002;100;100;0;0
1215;0;9881.9124500001;100;100;0;0
1216;0;346.5464500000;100;100;0;0
1217;0;4572.1024500000;100;100;0;0
1218;0;7045.6314500000;100;100;0;0
1219;1;11847.3410000001;100;100;1;1
1220;0;983.2754500000;100;100;0;0
1221;1;708.1450000000;100;100;1;1
1222;1;4080.6880000000;100;0;1;1
1223;0;15207.6464500002;100;100;0;0
1224;1;715.6250000000;100;100;1;1
1225;0;2697.5454500000;100;100;0;0
1226;0;10210.7694500001;100;0;0;0
1227;0;2721.5994500000;100;100;0;0
1228;1;16031.8730000002;100;100;1;1
1229;1;14809.0610000002;100;100;1;1
1230;0;1014.1844500000;100;0;0;0
1231;1;11830.1620000001;0;100;1;1
1232;1;6364.2890000000;100;100;1;1
1233;0;3702.6634500000;0;100;0;0
1234;0;9711.5784500001;0;100;0;0
1235;0;15873.6244500002;100;100;0;0
1236;1;10298.7270000001;100;100;1;1
1237;1;747.9480000000;100;100;1;1
1238;1;3769.2160000000;0;0;1;1
1239;0;2933.5624500000;100;100;0;0
1240;1;6735.0420000000;100;100;1;1
1241;1;10525.5070000001;100;100;1;1
1242;1;7855.9000000000;100;100;1;1
1243;1;7582.2410000000;100;100;1;1
1244;1;6671.7570000000;100;100;1;1
1245;0;3199.8504500000;100;100;0;0
1246;1;751.0150000000;100;100;1;1
1247;1;14507.5710000002;100;100;1;1
1248;1;16095.0320000002;100;100;1;1
1249;1;6377.6610000000;0;0;1;1
1250;1;9951.5980000001;100;100;1;1
1251;1;10784.4380000001;100;100;1;1
1252;0;1251.3274500000;100;100;0;0
1253;0;3628.6644500000;100;100;0;0
1254;1;12772.9200000002;200;100;1;1
1255;0;7537.0534500000;100;100;0;0
1256;0;2471.2074500000;100;100;0;0
1257;0;14152.0674500002;100;100;0;0
1258;0;2108.0534500000;100;100;0;0
1259;1;14877.5340000002;100;100;1;1
1260;0;5724.6714500000;100;100;0;0
1261;0;11712.0254500001;100;100;0;0
1262;1;5771.3080000000;100;100;1;1
1263;0;2428.9714500000;100;100;0;0
1264;1;11806.3250000001;100;100;1;1
1265;0;8425.5564500000;100;100;0;0
1266;1;10046.9210000001;100;100;1;1
1267;0;8600.3654500000;100;100;0;0
1268;0;9211.6084500000;100;100;0;0
1269;1;10358.8880000001;0;0;1;1
1270;1;15095.2840000002;100;100;1;1
1271;1;7598.3120000000;0;100;1;1
1272;1;15212.1940000002;100;100;1;1
1273;1;7504.3270000000;100;100;1;1
1274;1;11778.6940000001;100;100;1;1
1275;0;6357.5574500000;100;100;0;0
1276;0;4078.5394500000;100;100;0;0
1277;0;14968.2564500002;100;100;0;0
1278;1;8661.7540000000;100;100;1;1
1279;1;13492.1490000002;100;100;1;1
1280;1;734.5440000000;0;100;1;1
1281;1;1942.6880000000;100;100;1;1
1282;1;12735.1250000002;100;0;1;1
1283;0;9726.9254500001;100;100;0;0
1284;0;13083.9214500002;100;100;0;0
1285;0;1979.8124500000;0;0;0;0
1286;0;11642.5604500001;100;100;0;0
1287;1;2612.6700000000;100;100;1;1
1288;0;15871.6424500002;100;100;0;0
1289;0;13586.0684500002;100;100;0;0
1290;1;7255.1160000000;100;100;1;1
1291;1;1078.8300000000;0;0;1;1
1292;0;1242.3264500000;100;100;0;0
1293;0;504.7464500000;100;100;0;0
1294;1;2271.8480000000;100;100;1;1
1295;0;8722.2934500000;100;100;0;0
1296;1;15122.2840000002;0;0;1;1
1297;1;8108.4210000000;100;100;1;1
1298;1;4927.0680000000;100;100;1;1
1299;0;2817.9174500000;100;100;0;0
1300;0;416.7414500000;0;100;0;0
1301;1;4818.2920000000;100;100;1;1
1302;0;3703.6064500000;100;100;0;0
1303;0;12924.4484500002;100;100;0;0
1304;1;285.2540000000;100;100;1;1
1305;0;2862.0834500000;100;100;0;0
1306;0;8397.1414500000;100;100;0;0
1307;1;6116.7450000000;100;100;1;1
1308;0;5257.5124500000;100;100;0;0
1309;1;1047.3420000000;100;0;1;1
1310;1;12660.2640000002;0;100;1;1
1311;0;2652.2154500000;100;100;0;0
1312;1;14412.0900000002;100;100;1;1
1313;1;11978.7760000001;100;100;1;1
1314;1;6836.5750000000;100;100;1;1
1315;0;13700.8314500002;100;100;0;0
1316;0;16260.5904500002;100;100;0;0
1317;1;9315.7360000001;100;100;1;1
1318;1;9500.4600000000;100;100;1;1
1319;1;14567.5470000002;100;100;1;1
1320;0;5406.6834500000;100;100;0;0
1321;0;7507.9754500000;100;100;0;0
1322;1;2919.3560000000;100;100;1;1
1323;0;906.2554500000;100;100;0;0
1324;0;583.1884500000;100;100;0;0
1325;0;13201.5804500002;100;100;0;0
1326;0;1234.6084500000;100;100;0;0
1327;0;14335.0874500002;100;100;0;0
1328;0;15529.3364500002;100;100;0;0
1329;1;11303.6850000001;100;0;1;1
1330;0;6330.8234500000;100;100;0;0
1331;0;7590.8264500000;100;100;0;0
1332;0;369.2294500000;100;100;0;0
1333;1;2012.3930000000;100;100;1;1
1334;0;15105.4614500002;0;100;0;0
1335;1;4476.6900000000;100;100;1;1
1336;0;11990.2174500001;100;100;0;0
1337;0;7186.9224500000;200;100;0;0
1338;0;11685.9334500001;100;100;0;0
1339;1;1692.5700000000;100;100;1;1
1340;0;12497.9664500001;100;100;0;0
1341;1;13747.4650000002;100;100;1;1
1342;0;11336.9164500001;0;100;0;0
1343;0;2278.1144500000;100;100;0;0
1344;0;11535.1644500001;100;100;0;0
1345;1;285.2540000000;100;100;1;1
1346;0;8286.5554500000;100;100;0;0
1347;0;3207.8664500000;100;100;0;0
1348;0;15056.8604500002;100;100;0;0
1349;1;14909.4710000002;0;100;1;1
1350;0;7070.6334500000;100;100;0;0
1351;1;583.0650000000;100;100;1;1
1352;0;9042.9764500000;100;200;0;0
1353;1;10632.1700000001;100;100;1;1
1354;1;7071.7720000000;100;100;1;1
1355;1;13242.9350000002;100;100;1;1
1356;1;10048.7500000001;100;100;1;1
1357;1;8447.1210000000;100;100;1;1
1358;0;5322.3334500000;100;100;0;0
1359;1;11029.8920000001;0;0;1;1
1360;1;4008.7280000000;100;100;1;1
1361;0;2132.5484500000;100;100;0;0
1362;0;1655.8224500000;0;0;0;0
1363;1;7560.6630000000;100;100;1;1
1364;1;1083.3240000000;100;100;1;1
1365;0;11333.3814500001;100;100;0;0
1366;1;5091.8930000000;100;0;1;1
1367;0;8817.4564500000;100;100;0;0
1368;0;10793.5894500001;100;100;0;0
1369;0;6624.3584500000;100;100;0;0
1370;1;11055.0460000001;100;100;1;1
1371;1;12243.0100000001;0;0;1;1
1372;0;3423.6814500000;100;100;0;0
1373;0;15826.7504500002;100;100;0;0
1374;0;11478.2454500001;100;100;0;0
1375;0;8194.2604500000;200;100;0;0
1376;0;3390.2014500000;100;100;0;0
1377;1;3898.2400000000;100;100;1;1
1378;0;8530.6344500000;100;200;0;0
1379;1;15887.3490000002;100;100;1;1
1380;0;5465.0234500000;100;100;0;0
1381;1;16092.6900000002;100;100;1;1
1382;1;13172.0310000002;100;100;1;1
1383;0;7347.9474500000;0;0;0;0
1384;0;7432.1684500000;100;100;0;0
1385;1;13145.1650000002;100;100;1;1
1386;0;13292.6214500002;100;100;0;0
1387;1;12556.7970000001;100;100;1;1
1388;1;11514.5200000001;100;100;1;1
1389;1;1969.1590000000;100;100;1;1
1390;0;9289.5584500000;100;100;0;0
1391;1;14945.2430000002;100;100;1;1
1392;0;12325.9734500001;200;100;0;0
1393;1;5396.7170000000;100;100;1;1
1394;0;2692.7524500000;100;100;0;0
1395;0;11808.9524500001;100;0;0;0
1396;1;2702.0190000000;100;100;1;1
1397;0;1695.9614500000;100;0;0;0
1398;0;2981.1574500000;100;100;0;0
1399;1;11453.2310000001;0;0;1;1
1400;0;14163.4774500002;100;100;0;0
1401;1;11834.9170000001;100;100;1;1
1402;1;4083.2850000000;200;100;1;1
1403;1;61.9960000000;100;100;1;1
1404;0;12903.3784500002;100;100;0;0
1405;1;10789.3700000001;100;100;1;1
1406;1;11704.4400000001;0;0;1;1
1407;0;8101.4594500000;100;100;0;0
1408;1;9550.0020000000;100;100;1;1
1409;1;2937.8460000000;100;100;1;1
1410;1;7231.8990000000;100;100;1;1
1411;0;15972.9004500002;100;100;0;0
1412;0;8177.4844500000;100;100;0;0
1413;0;2113.1504500000;100;100;0;0
1414;1;12122.6550000001;100;100;1;1
1415;0;8334.4954500000;100;100;0;0
1416;1;5859.0200000000;100;100;1;1
1417;1;13447.0650000002;0;0;1;1
1418;0;6876.7814500000;100;0;0;0
1419;1;14042.6710000002;0;0;1;1
1420;1;11203.8450000001;100;100;1;1
1421;0;1259.8734500000;100;100;0;0
1422;1;15666.0820000002;100;100;1;1
1423;1;1629.3310000000;0;0;1;1
1424;1;15120.3820000002;0;100;1;1
1425;1;5327.0170000000;100;100;1;1
1426;1;13231.3600000002;100;100;1;1
1427;0;4861.5274500000;100;100;0;0
1428;0;13562.9904500002;100;100;0;0
1429;0;15247.2744500002;100;100;0;0
1430;0;13410.0864500002;0;100;0;0
1431;0;6148.2024500000;100;100;0;0
1432;0;15127.3304500002;100;0;0;0
1433;1;8879.1760000000;100;100;1;1
1434;1;12962.2310000002;0;0;1;1
1435;1;664.4570000000;0;0;1;1
1436;1;2344.8510000000;100;100;1;1
1437;1;10200.8710000001;100;100;1;1
1438;0;2500.8434500000;100;100;0;0
1439;0;14101.6174500002;100;100;0;0
1440;1;8781.1280000000;100;100;1;1
1441;1;1858.5410000000;100;100;1;1
1442;0;12199.9474500001;0;100;0;0
1443;0;8469.5814500000;100;100;0;0
1444;0;2826.7124500000;100;100;0;0
1445;0;2859.5634500000;100;0;0;0
1446;1;12776.4730000002;100;100;1;1
1447;1;1413.9310000000;100;100;1;1
1448;1;1535.3870000000;100;100;1;1
1449;0;1759.4914500000;100;100;0;0
1450;1;14076.6540000002;100;100;1;1
1451;1;8388.9240000000;100;100;1;1
1452;1;7235.6600000000;100;100;1;1
1453;0;5691.7234500000;100;100;0;0
1454;0;2786.5644500000;0;100;0;0
1455;1;3495.4010000000;100;100;1;1
1456;1;11579.4600000001;100;100;1;1
1457;0;10493.5814500001;200;100;0;0
1458;1;12524.3870000001;100;100;1;1
1459;0;12286.3884500001;100;100;0;0
1460;1;1226.3620000000;100;0;1;1
1461;1;4530.3330000000;0;0;1;1
1462;1;393.1830000000;100;100;1;1
1463;0;11298.0364500001;100;100;0;0
1464;0;14868.9794500002;100;0;0;0
1465;1;8402.1160000000;100;100;1;1
1466;0;2582.7854500000;100;100;0;0
1467;0;8868.7504500000;100;200;0;0
1468;1;6537.6860000000;100;100;1;1
1469;0;1269.6254500000;100;100;0;0
1470;0;15098.6744500002;100;100;0;0
1471;0;13894.0144500002;100;100;0;0
1472;1;4231.8510000000;100;100;1;1
1473;1;13279.9590000002;100;100;1;1
1474;1;6753.7030000000;100;0;1;1
1475;0;6488.0654500000;100;100;0;0
1476;1;9994.1070000001;100;100;1;1
1477;1;7585.4790000000;100;100;1;1
1478;0;15777.5024500002;0;0;0;0
1479;0;8851.2994500000;100;100;0;0
1480;1;15860.0570000002;100;100;1;1
1481;0;9041.2434500000;100;100;0;0
1482;0;3872.9054500000;100;100;0;0
1483;1;10837.1960000001;100;100;1;1
1484;1;5886.0330000000;100;100;1;1
1485;0;6620.9604500000;100;100;0;0
1486;1;5883.2410000000;0;0;1;1
1487;1;12368.3090000001;100;100;1;1
1488;1;8943.4510000000;0;100;1;1
1489;0;4844.8644500000;100;100;0;0
1490;1;4281.4670000000;100;100;1;1
1491;1;2241.9420000000;100;100;1;1
1492;0;6535.3774500000;100;100;0;0
1493;1;11838.4370000001;100;100;1;1
1494;1;1270.0850000000;100;100;1;1
1495;1;4215.6170000000;100;100;1;1
1496;1;6397.7890000000;100;100;1;1
1497;1;12872.7870000002;100;100;1;1
1498;0;11351.5434500001;100;100;0;0
1499;1;11363.0700000001;0;0;1;1
1500;1;3298.3540000000;100;100;1;1
1501;0;11887.0204500001;100;100;0;0
1502;1;7395.7810000000;100;100;1;1
1503;0;3272.7384500000;100;0;0;0
1504;0;7379.7634500000;100;100;0;0
1505;0;9094.5164500000;100;100;0;0
1506;1;15049.6100000002;100;100;1;1
1507;0;15098.4964500002;100;100;0;0
1508;0;9473.9994500000;100;100;0;0
1509;0;13648.4814500002;100;100;0;0
1510;0;13682.3514500002;100;100;0;0
1511;0;12258.3904500001;100;0;0;0
1512;0;13448.0724500002;100;100;0;0
1513;1;9240.6800000000;100;100;1;1
1514;0;2495.6684500000;100;100;0;0
1515;0;12081.0214500001;100;100;0;0
1516;1;5300.5470000000;0;100;1;1
1517;1;3376.5780000000;100;100;1;1
1518;0;3331.0224500000;100;100;0;0
1519;0;11833.8924500001;100;100;0;0
1520;1;6352.9170000000;100;100;1;1
1521;0;13454.3684500002;100;100;0;0
1522;1;481.2320000000;100;100;1;1
1523;0;167.1384500000;100;200;0;0
1524;1;13470.0310000002;100;100;1;1
1525;0;5799.4804500000;100;100;0;0
1526;1;12635.0300000002;100;100;1;1
1527;0;3299.5274500000;100;100;0;0
1528;0;7255.6904500000;100;100;0;0
1529;1;270.0940000000;0;100;1;1
1530;0;4234.6944500000;100;100;0;0
1531;0;2923.5244500000;100;100;0;0
1532;0;11088.1724500001;100;100;0;0
1533;0;12938.2464500002;100;100;0;0
1534;0;10627.0744500001;100;100;0;0
1535;0;2583.3364500000;100;100;0;0
1536;0;5008.7044500000;100;100;0;0
1537;0;1974.4554500000;100;100;0;0
1538;1;4062.0930000000;100;100;1;1
1539;1;14787.9170000002;100;100;1;1
1540;1;5466.2270000000;100;100;1;1
1541;0;10238.6564500001;200;100;0;0
1542;1;7108.7350000000;100;100;1;1
1543;1;1352.6950000000;100;0;1;1
1544;0;15782.2384500002;0;0;0;0
1545;0;743.8684500000;100;100;0;0
1546;1;11568.9180000001;100;100;1;1
1547;0;11040.8814500001;100;100;0;0
1548;1;11826.0860000001;0;0;1;1
1549;1;3493.2430000000;100;100;1;1
1550;0;14058.0774500002;100;100;0;0
1551;1;9899.6860000001;200;100;1;1
1552;1;11205.4680000001;100;0;1;1
1553;1;3948.7530000000;100;100;1;1
1554;1;4669.2370000000;100;100;1;1
1555;1;6914.8990000000;100;100;1;1
1556;0;13949.0294500002;100;100;0;0
1557;0;12494.7614500001;100;100;0;0
1558;0;6630.4254500000;100;100;0;0
1559;1;2257.9210000000;100;100;1;1
1560;0;10396.9144500001;200;100;0;0
1561;0;5582.7814500000;100;100;0;0
1562;1;3406.1390000000;100;100;1;1
1563;1;2851.1200000000;100;100;1;1
1564;0;7598.7384500000;100;100;0;0
1565;1;16014.1240000002;100;100;1;1
1566;1;15230.6160000002;100;100;1;1
1567;1;7586.7110000000;100;100;1;1
1568;0;8635.4804500000;100;100;0;0
1569;0;12655.1414500002;100;100;0;0
1570;0;14281.9484500002;100;100;0;0
1571;1;10581.3450000001;100;100;1;1
1572;1;10470.3510000001;100;100;1;1
1573;1;11035.3350000001;100;100;1;1
1574;1;4890.4090000000;200;100;1;1
1575;1;6534.4380000000;0;0;1;1
1576;1;3708.9210000000;100;100;1;1
1577;1;6296.6070000000;0;100;1;1
1578;1;8327.8570000000;100;100;1;1
1579;0;14691.2154500002;100;100;0;0
1580;1;7102.5810000000;100;100;1;1
1581;1;6350.3570000000;0;0;1;1
1582;1;21.8700000000;100;100;1;1
1583;1;6525.1640000000;100;100;1;1
1584;0;6170.7894500000;100;100;0;0
1585;1;1335.2340000000;100;100;1;1
1586;0;12624.7674500002;100;100;0;0
1587;0;15368.4344500002;100;100;0;0
1588;1;8139.3920000000;100;100;1;1
1589;0;647.7634500000;100;100;0;0
1590;0;12500.7714500001;100;100;0;0
1591;0;3018.5914500000;100;100;0;0
1592;1;745.4790000000;100;0;1;1
1593;1;6954.7430000000;200;100;1;1
1594;1;6359.7960000000;0;100;1;1
1595;1;5892.0930000000;0;100;1;1
1596;1;11408.7840000001;100;100;1;1
1597;1;8352.2280000000;100;100;1;1
1598;0;3580.4774500000;100;100;0;0
1599;1;5977.1980000000;0;0;1;1
1600;1;5006.7470000000;0;100;1;1
1601;0;4868.7144500000;100;100;0;0
1602;1;12693.6490000002;100;100;1;1
1603;1;15590.6690000002;100;100;1;1
1604;0;12289.9074500001;100;100;0;0
1605;0;5152.3464500000;100;100;0;0
1606;1;7793.5840000000;100;100;1;1
1607;1;1354.3490000000;100;0;1;1
1608;0;15074.5894500002;100;100;0;0
1609;1;8130.4340000000;100;100;1;1
1610;1;10803.3520000001;100;100;1;1
1611;0;5654.6764500000;100;100;0;0
1612;0;13851.3374500002;100;100;0;0
1613;1;3265.5180000000;0;100;1;1
1614;0;12821.7034500002;100;0;0;0
1615;0;9775.9714500001;100;100;0;0
1616;1;15009.3990000002;100;100;1;1
1617;0;5881.6474500000;100;100;0;0
1618;1;11634.7250000001;100;100;1;1
1619;0;10091.6794500000;100;100;0;0
1620;0;4326.0524500000;100;100;0;0
1621;1;12427.0490000001;100;100;1;1
1622;1;2339.4040000000;100;100;1;1
1623;1;15719.9860000002;100;100;1;1
1624;1;3856.1900000000;100;100;1;1
1625;1;6743.4680000000;100;100;1;1
1626;0;2667.6154500000;100;0;0;0
1627;1;15116.2300000002;100;100;1;1
1628;0;221.8194500000;100;100;0;0
1629;0;1533.5984500000;100;0;0;0
1630;0;15045.9154500002;100;0;0;0
1631;1;9948.0220000001;0;0;1;1
1632;1;5624.4940000000;100;100;1;1
1633;0;15826.3324500002;0;0;0;0
1634;1;7080.8910000000;100;100;1;1
1635;1;2279.6820000000;100;0;1;1
1636;0;7034.7374500000;100;100;0;0
1637;1;6414.6120000000;100;100;1;1
1638;0;8193.3574500000;200;0;0;0
1639;0;16130.5504500002;200;100;0;0
1640;0;14371.0554500002;100;100;0;0
1641;1;12628.2470000002;0;100;1;1
1642;0;12495.8504500001;100;100;0;0
1643;0;7335.3744500000;100;100;0;0
1644;0;13809.7624500002;100;100;0;0
1645;1;9871.7630000001;0;0;1;1
1646;0;14427.4004500002;100;100;0;0
1647;0;3205.8494500000;100;100;0;0
1648;0;4121.3394500000;100;0;0;0
1649;1;10015.6540000001;100;100;1;1
1650;1;13590.8500000002;100;100;1;1
1651;0;175.5844500000;100;100;0;0
1652;0;2790.9244500000;0;100;0;0
1653;0;424.8854500000;100;100;0;0
1654;0;5280.6644500000;100;100;0;0
1655;0;9688.8134500000;100;200;0;0
1656;0;4659.9994500000;200;100;0;0
1657;1;15569.2880000002;100;100;1;1
1658;1;6105.2310000000;100;0;1;1
1659;1;8946.7040000000;100;100;1;1
1660;0;8820.8444500000;100;100;0;0
1661;1;15287.9950000002;100;100;1;1
1662;0;15635.8834500002;100;0;0;0
1663;0;7105.2284500000;0;0;0;0
1664;0;13687.0064500002;100;100;0;0
1665;0;9158.4804500000;100;100;0;0
1666;1;13473.3810000002;0;100;1;1
1667;1;55.6970000000;100;100;1;1
1668;0;15280.6304500002;100;100;0;0
1669;0;3927.8084500000;100;100;0;0
1670;0;6805.6994500000;100;100;0;0
1671;0;8095.7184500000;100;100;0;0
1672;1;6837.7050000000;100;100;1;1
1673;0;1943.7644500000;100;100;0;0
1674;0;15109.1574500002;100;100;0;0
1675;0;2228.4984500000;100;100;0;0
1676;1;13288.6240000002;100;100;1;1
1677;1;1152.9580000000;100;100;1;1
1678;1;7563.2380000000;0;100;1;1
1679;1;11225.0660000001;100;100;1;1
1680;1;13526.8660000002;100;100;1;1
1681;1;14060.5350000002;100;100;1;1
1682;0;5897.5754500000;100;100;0;0
1683;0;2793.8524500000;100;100;0;0
1684;1;11732.8310000001;100;100;1;1
1685;1;6762.1880000000;100;100;1;1
1686;0;9935.2894500001;100;100;0;0
1687;1;11323.8650000001;0;0;1;1
1688;1;12564.8230000001;100;100;1;1
1689;0;3286.4214500000;100;100;0;0
1690;0;6246.7654500000;100;100;0;0
1691;1;6626.7610000000;100;100;1;1
1692;1;14979.4860000002;100;100;1;1
1693;1;12406.1450000001;100;100;1;1
1694;0;12175.9764500001;100;100;0;0
1695;0;9610.7974500000;100;100;0;0
1696;0;7888.2904500000;100;100;0;0
1697;0;5620.7154500000;0;0;0;0
1698;1;6974.4460000000;100;100;1;1
1699;0;13901.2914500002;100;100;0;0
1700;1;507.2720000000;100;100;1;1
1701;0;11386.4464500001;100;0;0;0
1702;0;12494.7614500001;100;100;0;0
1703;1;7638.9980000000;100;100;1;1
1704;1;5894.2840000000;100;0;1;1
1705;1;15145.5890000002;100;100;1;1
1706;1;12187.8290000001;100;100;1;1
1707;0;13685.2824500002;100;100;0;0
1708;0;10384.1524500001;0;100;0;0
1709;1;9046.8880000000;100;0;1;1
1710;1;3060.6030000000;100;100;1;1
1711;0;1085.0694500000;100;100;0;0
1712;1;9641.6460000000;100;100;1;1
1713;0;10262.5494500001;100;100;0;0
1714;0;564.7294500000;100;100;0;0
1715;0;10779.2994500001;100;100;0;0
1716;0;15004.5474500002;100;100;0;0
1717;0;366.3064500000;100;100;0;0
1718;1;12774.5130000002;100;100;1;1
1719;1;6201.2610000000;0;0;1;1
1720;1;12321.1040000001;100;100;1;1
1721;1;13097.9950000002;100;100;1;1
1722;1;723.2320000000;100;100;1;1
1723;0;3045.8194500000;0;100;0;0
1724;1;4553.8770000000;100;200;1;1
1725;0;12617.8344500001;100;100;0;0
1726;0;3247.0164500000;100;100;0;0
1727;1;5097.8290000000;100;100;1;1
1728;0;7772.6754500000;100;0;0;0
1729;0;1699.7834500000;100;100;0;0
1730;1;3614.0590000000;100;100;1;1
1731;1;8083.6740000000;100;100;1;1
1732;1;15791.0170000002;100;100;1;1
1733;0;1650.9824500000;100;100;0;0
1734;1;9566.8320000000;100;0;1;1
1735;0;4482.0394500000;100;0;0;0
1736;0;566.1094500000;0;100;0;0
1737;1;1772.9080000000;100;100;1;1
1738;0;5353.1684500000;100;100;0;0
1739;0;8005.2194500000;100;100;0;0
1740;0;11414.4674500001;100;100;0;0
1741;1;8538.7330000000;100;100;1;1
1742;1;3642.2950000000;100;0;1;1
1743;0;13444.6144500002;100;0;0;0
1744;1;16124.5280000002;100;100;1;1
1745;0;15369.4244500002;100;100;0;0
1746;1;1167.2090000000;100;100;1;1
1747;1;8715.9860000000;100;100;1;1
1748;0;4626.8314500000;100;100;0;0
1749;0;6993.7654500000;100;100;0;0
1750;1;2250.9440000000;100;100;1;1
1751;0;4498.2044500000;100;100;0;0
1752;0;13310.3614500002;100;100;0;0
1753;0;14823.9704500002;100;100;0;0
1754;0;11488.4144500001;0;100;0;0
1755;1;1138.3240000000;100;100;1;1
1756;1;4282.1700000000;100;100;1;1
1757;0;11265.7274500001;100;200;0;0
1758;0;11987.6164500001;100;100;0;0
1759;0;5776.0304500000;100;100;0;0
1760;1;8412.7440000000;0;0;1;1
1761;1;1741.7690000000;100;0;1;1
1762;0;11181.4594500001;100;100;0;0
1763;1;3883.7140000000;100;100;1;1
1764;0;8379.8994500000;100;100;0;0
1765;0;4638.1674500000;100;100;0;0
1766;1;6872.6830000000;100;100;1;1
1767;0;12909.3284500002;100;100;0;0
1768;1;4090.3970000000;100;100;1;1
1769;1;921.9440000000;200;100;1;1
1770;0;4553.5364500000;100;100;0;0
1771;1;8512.8840000000;100;0;1;1
1772;1;14434.4220000002;100;100;1;1
1773;0;15318.6254500002;100;100;0;0
1774;1;3851.5210000000;100;100;1;1
1775;1;15617.2170000002;100;100;1;1
1776;1;15810.7750000002;100;100;1;1
1777;0;5304.6204500000;100;0;0;0
1778;0;3309.7734500000;100;100;0;0
1779;1;5670.8740000000;100;100;1;1
1780;1;13470.0310000002;100;100;1;1
1781;1;11905.7870000001;0;100;1;1
1782;1;7562.5640000000;100;100;1;1
1783;1;8187.7250000000;100;100;1;1
1784;0;402.7794500000;100;100;0;0
1785;0;2810.3634500000;100;100;0;0
1786;1;3590.4210000000;100;100;1;1
1787;1;11969.4840000001;100;100;1;1
1788;0;46.0044500000;100;100;0;0
1789;0;11792.8834500001;100;100;0;0
1790;0;4325.6684500000;100;100;0;0
1791;1;15604.5620000002;100;100;1;1
1792;1;13040.8990000002;100;100;1;1
1793;1;2134.2750000000;100;100;1;1
1794;0;12974.5234500002;100;100;0;0
1795;0;14506.0664500002;100;200;0;0
1796;1;15081.8720000002;100;100;1;1
1797;0;9722.1774500001;100;100;0;0
1798;0;5061.0324500000;100;100;0;0
1799;1;6150.3600000000;100;100;1;1
1800;1;5539.5540000000;100;100;1;1
1801;1;10944.6890000001;100;100;1;1
1802;1;11482.0170000001;100;100;1;1
1803;1;14121.6170000002;200;100;1;1
1804;0;9467.3134500000;100;100;0;0
1805;0;4312.2994500000;100;0;0;0
1806;1;6389.2280000000;100;100;1;1
1807;1;15687.3990000002;0;0;1;1
1808;1;15977.1620000002;0;100;1;1
1809;1;13219.3430000002;100;100;1;1
1810;0;10776.4344500001;100;100;0;0
1811;1;2667.4920000000;100;0;1;1
1812;1;813.3970000000;100;100;1;1
1813;0;8284.1784500000;100;100;0;0
1814;0;900.1964500000;200;100;0;0
1815;0;10969.3314500001;100;100;0;0
1816;0;15498.5004500002;100;100;0;0
1817;1;12080.8980000001;100;100;1;1
1818;0;15425.0794500002;100;100;0;0
1819;1;5893.2750000000;0;0;1;1
1820;0;2086.0324500000;100;100;0;0
1821;1;9502.9100000000;100;100;1;1
1822;0;3491.0854500000;100;100;0;0
1823;1;14080.4780000002;100;100;1;1
1824;1;402.1540000000;100;100;1;1
1825;1;7356.5430000000;100;100;1;1
1826;0;527.4554500000;100;100;0;0
1827;0;12302.8264500001;100;0;0;0
1828;1;15679.6750000002;100;100;1;1
1829;0;14130.2994500002;100;100;0;0
1830;0;13046.1754500002;100;200;0;0
1831;1;14839.2770000002;100;100;1;1
1832;1;2065.0570000000;100;100;1;1
1833;1;5754.1050000000;100;100;1;1
1834;1;3220.5710000000;100;100;1;1
1835;1;15519.4650000002;100;0;1;1
1836;1;10950.9710000001;100;0;1;1
1837;1;7594.1350000000;0;100;1;1
1838;1;5832.0700000000;100;100;1;1
1839;1;13547.5610000002;100;0;1;1
1840;0;15780.0374500002;0;100;0;0
1841;1;14906.3900000002;0;0;1;1
1842;1;2788.2180000000;0;0;1;1
1843;0;8644.3534500000;100;100;0;0
1844;1;15716.8900000002;100;100;1;1
1845;0;13930.7874500002;100;100;0;0
1846;0;11377.1574500001;100;100;0;0
1847;1;14786.9940000002;0;0;1;1
1848;1;10953.5600000001;100;100;1;1
1849;1;4308.3760000000;0;100;1;1
1850;0;12012.1944500001;100;100;0;0
1851;0;10437.6094500001;100;100;0;0
1852;1;12662.4070000002;100;100;1;1
1853;1;7943.9080000000;100;100;1;1
1854;1;8015.9570000000;100;100;1;1
1855;1;5125.1180000000;100;100;1;1
1856;0;6263.9914500000;100;100;0;0
1857;1;13777.9410000002;100;100;1;1
1858;1;6045.8140000000;100;100;1;1
1859;1;10420.0510000001;0;0;1;1
1860;0;14421.7304500002;100;100;0;0
1861;0;7065.5204500000;100;100;0;0
1862;0;15051.9964500002;100;100;0;0
1863;1;12304.9220000001;100;100;1;1
1864;1;15073.3430000002;100;0;1;1
1865;0;168.7634500000;200;100;0;0
1866;1;14200.2250000002;100;100;1;1
1867;0;11664.3934500001;100;100;0;0
1868;0;8787.3524500000;100;100;0;0
1869;0;41.4364500000;100;100;0;0
1870;1;4871.6070000000;100;100;1;1
1871;0;942.0874500000;100;0;0;0
1872;1;6165.9960000000;0;0;1;1
1873;0;10876.0574500001;100;100;0;0
1874;0;15679.2574500002;100;100;0;0
1875;0;8298.4014500000;100;100;0;0
1876;1;1383.9610000000;100;100;1;1
1877;1;5732.3250000000;0;0;1;1
1878;1;11200.6380000001;100;100;1;1
1879;0;13490.5644500002;100;100;0;0
1880;1;12312.4600000001;100;100;1;1
1881;1;14645.2480000002;100;100;1;1
1882;1;15358.1720000002;100;100;1;1
1883;1;12151.1060000001;100;100;1;1
1884;0;9516.3794500000;100;0;0;0
1885;0;2368.5114500000;100;100;0;0
1886;1;8380.6280000000;100;100;1;1
1887;0;1053.3334500000;100;100;0;0
1888;0;9513.6324500000;100;100;0;0
1889;1;9544.0410000000;100;100;1;1
1890;1;4792.2950000000;100;100;1;1
1891;0;13883.3504500002;100;100;0;0
1892;0;7375.9774500000;100;100;0;0
1893;0;2264.8964500000;100;0;0;0
1894;1;3663.1050000000;100;100;1;1
1895;0;12724.3554500002;100;100;0;0
1896;1;9163.5680000000;100;0;1;1
1897;0;550.1764500000;100;100;0;0
1898;0;5237.2894500000;0;100;0;0
1899;0;9495.1824500000;100;100;0;0
1900;1;1167.3270000000;100;100;1;1
1901;0;13617.1304500002;0;0;0;0
1902;1;14419.4240000002;100;0;1;1
1903;0;10341.1514500001;0;0;0;0
1904;0;2680.6894500000;100;0;0;0
1905;1;9630.4140000000;0;100;1;1
1906;1;12455.9220000001;100;100;1;1
1907;1;10695.0180000001;0;0;1;1
1908;1;6755.8170000000;100;100;1;1
1909;1;1586.6190000000;100;100;1;1
1910;0;13231.4834500002;100;100;0;0
1911;1;8979.4320000000;100;100;1;1
1912;1;4453.8440000000;200;100;1;1
1913;0;4662.3904500000;100;100;0;0
1914;0;6816.3444500000;100;100;0;0
1915;0;5841.5564500000;100;100;0;0
1916;1;11195.2820000001;100;100;1;1
1917;1;12559.8560000001;200;100;1;1
1918;0;3237.6674500000;100;100;0;0
1919;1;5608.6240000000;100;100;1;1
1920;1;13299.9200000002;100;100;1;1
1921;1;7347.8240000000;0;0;1;1
1922;0;12766.4594500002;100;0;0;0
1923;0;3181.8854500000;100;100;0;0
1924;0;15087.2724500002;100;100;0;0
1925;0;5115.9964500000;100;100;0;0
1926;1;12165.9500000001;100;100;1;1
1927;0;5772.5804500000;100;100;0;0
1928;0;5817.1474500000;100;100;0;0
1929;0;5275.4524500000;100;100;0;0
1930;0;10802.6674500001;0;100;0;0
1931;1;7998.7190000000;100;100;1;1
1932;0;10606.3024500001;0;100;0;0
1933;1;7002.0340000000;100;100;1;1
1934;0;4453.2024500000;100;100;0;0
1935;0;970.5974500000;100;100;0;0
1936;1;12491.0940000001;100;100;1;1
1937;1;11661.1430000001;100;100;1;1
1938;0;13113.3744500002;100;100;0;0
1939;0;440.2014500000;100;100;0;0
1940;1;7651.5860000000;0;0;1;1
1941;0;10923.6554500001;100;100;0;0
1942;0;5891.5574500000;100;100;0;0
1943;0;11370.6824500001;100;100;0;0
1944;1;13129.8590000002;100;0;1;1
1945;0;9550.9064500000;100;100;0;0
1946;1;8464.1080000000;100;100;1;1
1947;0;10887.7644500001;100;100;0;0
1948;1;11672.3790000001;0;100;1;1
1949;1;1262.0980000000;100;100;1;1
1950;1;15679.7630000002;100;100;1;1
1951;1;14829.1190000002;100;100;1;1
1952;1;12656.4760000002;100;100;1;1
1953;1;11651.2130000001;200;100;1;1
1954;1;4991.6560000000;100;100;1;1
1955;1;15985.7070000002;0;100;1;1
1956;1;1055.3480000000;0;0;1;1
1957;1;13154.3150000002;0;0;1;1
1958;1;459.0040000000;100;100;1;1
1959;1;5712.3550000000;100;100;1;1
1960;0;2270.3284500000;100;100;0;0
1961;1;4697.3220000000;0;0;1;1
1962;0;7965.5064500000;200;100;0;0
1963;1;14140.8840000002;100;100;1;1
1964;1;2662.8020000000;100;100;1;1
1965;0;12240.4844500001;100;100;0;0
1966;0;2289.2684500000;100;100;0;0
1967;0;5210.0864500000;100;100;0;0
1968;1;2210.6650000000;100;100;1;1
1969;0;9156.9774500000;100;100;0;0
1970;0;13227.6484500002;100;0;0;0
1971;0;2898.0254500000;100;100;0;0
1972;1;4141.8600000000;100;100;1;1
1973;1;2633.4970000000;100;0;1;1
1974;1;2192.8260000000;100;100;1;1
1975;0;6249.5454500000;100;100;0;0
1976;1;6762.1880000000;100;100;1;1
1977;0;7211.3634500000;100;100;0;0
1978;0;1594.3774500000;100;100;0;0
1979;1;5623.6460000000;100;100;1;1
1980;1;13163.1520000002;100;100;1;1
1981;0;4459.3294500000;100;0;0;0
1982;1;11746.3180000001;100;0;1;1
1983;1;16264.9910000002;100;100;1;1
1984;1;10837.6330000001;100;100;1;1
1985;1;2469.4010000000;100;100;1;1
1986;1;13936.3640000002;100;100;1;1
1987;0;242.2194500000;100;100;0;0
1988;1;2070.9190000000;0;100;1;1
1989;0;15418.4944500002;100;100;0;0
1990;1;1798.6930000000;100;100;1;1
1991;0;2256.7564500000;100;0;0;0
1992;0;3629.6614500000;100;200;0;0
1993;1;13476.2700000002;0;0;1;1
1994;0;14759.0584500002;0;100;0;0
1995;1;10529.5920000001;100;0;1;1
1996;1;16176.0300000002;100;100;1;1
1997;0;4170.3144500000;100;100;0;0
1998;0;10500.4534500001;100;100;0;0
1999;0;15021.5164500002;100;100;0;0
