trial;present;iter_ms;rec_ms;iter_found;rec_found
0;0;0.000000;0.000000;0;0
1;1;0.000000;0.000000;1;1
2;0;0.000000;0.000000;0;0
3;0;0.000000;0.000000;0;0
4;1;0.000000;0.000000;1;1
5;0;0.000000;0.000000;0;0
6;0;0.000000;0.000000;0;0
7;1;0.000000;0.000000;1;1
8;0;0.000000;0.000000;0;0
9;0;0.000000;0.000000;0;0
10;1;0.000000;0.000000;1;1
11;0;0.000000;0.000000;0;0
12;0;0.000000;0.000000;0;0
13;1;0.000000;0.000000;1;1
14;1;0.000000;0.000000;1;1
15;1;0.000000;0.000000;1;1
16;1;0.000000;0.000000;1;1
17;0;0.000000;0.000000;0;0
18;1;0.000000;0.000000;1;1
19;0;0.000000;0.000000;0;0
20;0;0.000000;0.000000;0;0
21;0;0.000000;0.000000;0;0
22;1;0.000000;0.000000;1;1
23;1;0.000000;0.000000;1;1
24;1;0.000000;0.000000;1;1
25;0;0.000000;0.000000;0;0
26;1;0.000000;0.000000;1;1
27;0;0.000000;0.000000;0;0
28;0;0.000000;0.000000;0;0
29;0;0.000000;0.000000;0;0
30;0;0.000000;0.000000;0;0
31;0;0.000000;0.000000;0;0
32;1;0.000000;0.000000;1;1
33;1;0.000000;0.000000;1;1
34;0;0.000000;0.000000;0;0
35;0;0.000000;0.000000;0;0
36;0;0.000000;0.000000;0;0
37;1;0.000000;0.000000;1;1
38;0;0.000000;0.000000;0;0
39;1;0.000000;0.000000;1;1
40;1;0.000000;0.000000;1;1
41;1;0.000000;0.000000;1;1
42;1;0.000000;0.000000;1;1
43;1;0.000000;0.000000;1;1
44;1;0.000000;0.000000;1;1
45;0;0.000000;0.000000;0;0
46;1;0.000000;0.000000;1;1
47;0;0.000000;0.000000;0;0
48;1;0.000000;0.000000;1;1
49;0;0.000000;0.000000;0;0
50;1;0.000000;0.000000;1;1
51;1;0.000000;0.000000;1;1
52;0;0.000000;0.000000;0;0
53;0;0.000000;0.000000;0;0
54;1;0.000000;0.000000;1;1
55;0;0.000000;0.000000;0;0
56;0;0.000000;0.000000;0;0
57;1;0.000000;0.000000;1;1
58;1;0.000000;0.000000;1;1
59;1;0.000000;0.000000;1;1
60;0;0.000000;0.000000;0;0
61;1;0.000000;0.000000;1;1
62;0;0.000000;0.000000;0;0
63;1;0.000000;0.000000;1;1
64;0;0.000000;0.000000;0;0
65;0;0.000000;0.000000;0;0
66;0;0.000000;0.000000;0;0
67;0;0.000000;0.000000;0;0
68;1;0.000000;0.000000;1;1
69;0;0.000000;0.000000;0;0
70;0;0.000000;0.000000;0;0
71;1;0.000000;0.000000;1;1
72;0;0.000000;0.000000;0;0
73;1;0.000000;0.000000;1;1
74;0;0.000000;0.000000;0;0
75;0;0.000000;0.000000;0;0
76;1;0.000000;0.000000;1;1
77;1;0.000000;0.000000;1;1
78;1;0.000000;0.000000;1;1
79;1;0.000000;0.000000;1;1
80;1;0.000000;0.000000;1;1
81;0;0.000000;0.000000;0;0
82;0;0.000000;0.000000;0;0
83;1;0.000000;0.000000;1;1
84;1;0.000000;0.000000;1;1
85;1;0.000000;0.000000;1;1
86;1;0.000000;0.000000;1;1
87;0;0.000000;0.000000;0;0
88;0;0.000000;0.000000;0;0
89;0;0.000000;0.000000;0;0
90;0;0.000000;0.000000;0;0
91;0;0.000000;0.000000;0;0
92;0;0.000000;0.000000;0;0
93;1;0.000000;0.000000;1;1
94;0;0.000000;0.000000;0;0
95;1;0.000000;0.000000;1;1
96;1;0.000000;0.000000;1;1
97;1;0.000000;0.000000;1;1
98;1;0.000000;0.000000;1;1
99;0;0.000000;0.000000;0;0
100;0;0.000000;0.000000;0;0
101;1;0.000000;0.000000;1;1
102;1;0.000000;0.000000;1;1
103;1;0.000000;0.000000;1;1
104;1;0.000000;0.000000;1;1
105;1;0.000000;0.000000;1;1
106;1;0.000000;0.000000;1;1
107;1;0.000000;0.000000;1;1
108;1;0.000000;0.000000;1;1
109;0;0.000000;0.000000;0;0
110;0;0.000000;0.000000;0;0
111;0;0.000000;0.000000;0;0
112;1;0.000000;0.000000;1;1
113;1;0.000000;0.000000;1;1
114;1;0.000000;0.000000;1;1
115;0;0.000000;0.000000;0;0
116;0;0.000000;0.000000;0;0
117;1;0.000000;0.000000;1;1
118;0;0.000000;0.000000;0;0
119;1;0.000000;0.000000;1;1
120;1;0.000000;0.000000;1;1
121;1;0.000000;0.000000;1;1
122;0;0.000000;0.000000;0;0
123;1;0.000000;0.000000;1;1
124;0;0.000000;0.000000;0;0
125;0;0.000000;0.000000;0;0
126;0;0.000000;0.000000;0;0
127;1;0.000000;0.000000;1;1
128;0;0.000000;0.000000;0;0
129;0;0.000000;0.000000;0;0
130;1;0.000000;0.000000;1;1
131;0;0.000000;0.000000;0;0
132;0;0.000000;0.000000;0;0
133;0;0.000000;0.000000;0;0
134;0;0.000000;0.000000;0;0
135;1;0.000000;0.000000;1;1
136;0;0.000000;0.000000;0;0
137;0;0.000000;0.000000;0;0
138;1;0.000000;0.000000;1;1
139;0;0.000000;0.000000;0;0
140;0;0.000000;0.000000;0;0
141;0;0.000000;0.000000;0;0
142;0;0.000000;0.000000;0;0
143;0;0.000000;0.000000;0;0
144;1;0.000000;0.000000;1;1
145;1;0.000000;0.000000;1;1
146;0;0.000000;0.000000;0;0
147;1;0.000000;0.000000;1;1
148;1;0.000000;0.000000;1;1
149;0;0.000000;0.000000;0;0
150;0;0.000000;0.000000;0;0
151;1;0.000000;0.000000;1;1
152;0;0.000000;0.000000;0;0
153;0;0.000000;0.000000;0;0
154;1;0.000000;0.000000;1;1
155;0;0.000000;0.000000;0;0
156;0;0.000000;0.000000;0;0
157;1;0.000000;0.000000;1;1
158;0;0.000000;0.000000;0;0
159;1;0.000000;0.000000;1;1
160;1;0.000000;0.000000;1;1
161;1;0.000000;0.000000;1;1
162;0;0.000000;0.000000;0;0
163;0;0.000000;0.000000;0;0
164;1;0.000000;0.000000;1;1
165;0;0.000000;0.000000;0;0
166;1;0.000000;0.000000;1;1
167;0;0.000000;0.000000;0;0
168;1;0.000000;0.000000;1;1
169;0;0.000000;0.000000;0;0
170;0;0.000000;0.000000;0;0
171;1;0.000000;0.000000;1;1
172;0;0.000000;0.000000;0;0
173;1;0.000000;0.000000;1;1
174;0;0.000000;0.000000;0;0
175;1;0.000000;0.000000;1;1
176;0;0.000000;0.000000;0;0
177;0;0.000000;0.000000;0;0
178;1;0.000000;0.000000;1;1
179;1;0.000000;0.000000;1;1
180;0;0.000000;0.000000;0;0
181;1;0.000000;0.000000;1;1
182;1;0.000000;0.000000;1;1
183;0;0.000000;0.000000;0;0
184;0;0.000000;0.000000;0;0
185;1;0.000000;0.000000;1;1
186;0;0.000000;0.000000;0;0
187;1;0.000000;0.000000;1;1
188;0;0.000000;0.000000;0;0
189;1;0.000000;0.000000;1;1
190;1;0.000000;0.000000;1;1
191;1;0.000000;0.000000;1;1
192;0;0.000000;0.000000;0;0
193;1;0.000000;0.000000;1;1
194;0;0.000000;0.000000;0;0
195;0;0.000000;0.000000;0;0
196;0;0.000000;0.000000;0;0
197;1;0.000000;0.000000;1;1
198;0;0.000000;0.000000;0;0
199;0;0.000000;0.000000;0;0
200;0;0.000000;0.000000;0;0
201;1;0.000000;0.000000;1;1
202;0;0.000000;0.000000;0;0
203;0;0.000000;0.000000;0;0
204;1;0.000000;0.000000;1;1
205;0;0.000000;0.000000;0;0
206;1;0.000000;0.000000;1;1
207;1;0.000000;0.000000;1;1
208;0;0.000000;0.000000;0;0
209;1;0.000000;0.000000;1;1
210;1;0.000000;0.000000;1;1
211;0;0.000000;0.000000;0;0
212;0;0.000000;0.000000;0;0
213;1;0.000000;0.000000;1;1
214;1;0.000000;0.000000;1;1
215;1;0.000000;0.000000;1;1
216;1;0.000000;0.000000;1;1
217;1;0.000000;0.000000;1;1
218;0;0.000000;0.000000;0;0
219;0;0.000000;0.000000;0;0
220;1;0.000000;0.000000;1;1
221;0;0.000000;0.000000;0;0
222;0;0.000000;0.000000;0;0
223;0;0.000000;0.000000;0;0
224;0;0.000000;0.000000;0;0
225;0;0.000000;0.000000;0;0
226;0;0.000000;0.000000;0;0
227;0;0.000000;0.000000;0;0
228;0;0.000000;0.000000;0;0
229;1;0.000000;0.000000;1;1
230;0;0.000000;0.000000;0;0
231;1;0.000000;0.000000;1;1
232;1;0.000000;0.000000;1;1
233;0;0.000000;0.000000;0;0
234;1;0.000000;0.000000;1;1
235;0;0.000000;0.000000;0;0
236;0;0.000000;0.000000;0;0
237;0;0.000000;0.000000;0;0
238;1;0.000000;0.000000;1;1
239;1;0.000000;0.000000;1;1
240;0;0.000000;0.000000;0;0
241;1;0.000000;0.000000;1;1
242;1;0.000000;0.000000;1;1
243;0;0.000000;0.000000;0;0
244;0;0.000000;0.000000;0;0
245;0;0.000000;0.000000;0;0
246;1;0.000000;0.000000;1;1
247;1;0.000000;0.000000;1;1
248;1;0.000000;0.000000;1;1
249;0;0.000000;0.000000;0;0
250;1;0.000000;0.000000;1;1
251;1;0.000000;0.000000;1;1
252;1;0.000000;0.000000;1;1
253;1;0.000000;0.000000;1;1
254;1;0.000000;0.000000;1;1
255;0;0.000000;0.000000;0;0
256;1;0.000000;0.000000;1;1
257;1;0.000000;0.000000;1;1
258;1;0.000000;0.000000;1;1
259;1;0.000000;0.000000;1;1
260;1;0.000000;0.000000;1;1
261;1;0.000000;0.000000;1;1
262;0;0.000000;0.000000;0;0
263;0;0.000000;0.000000;0;0
264;1;0.000000;0.000000;1;1
265;0;0.000000;0.000000;0;0
266;0;0.000000;0.000000;0;0
267;0;0.000000;0.000000;0;0
268;0;0.000000;0.000000;0;0
269;1;0.000000;0.000000;1;1
270;0;0.000000;0.000000;0;0
271;0;0.000000;0.000000;0;0
272;1;0.000000;0.000000;1;1
273;0;0.000000;0.000000;0;0
274;1;0.000000;0.000000;1;1
275;0;0.000000;0.000000;0;0
276;1;0.000000;0.000000;1;1
277;0;0.000000;0.000000;0;0
278;0;0.000000;0.000000;0;0
279;1;0.000000;0.000000;1;1
280;1;0.000000;0.000000;1;1
281;1;0.000000;0.000000;1;1
282;1;0.000000;0.000000;1;1
283;1;0.000000;0.000000;1;1
284;1;0.000000;0.000000;1;1
285;0;0.000000;0.000000;0;0
286;0;0.000000;0.000000;0;0
287;0;0.000000;0.000000;0;0
288;1;0.000000;0.000000;1;1
289;1;0.000000;0.000000;1;1
290;1;0.000000;0.000000;1;1
291;1;0.000000;0.000000;1;1
292;1;0.000000;0.000000;1;1
293;0;0.000000;0.000000;0;0
294;0;0.000000;0.000000;0;0
295;0;0.000000;0.000000;0;0
296;0;0.000000;0.000000;0;0
297;1;0.000000;0.000000;1;1
298;0;0.000000;0.000000;0;0
299;0;0.000000;0.000000;0;0
300;1;0.000000;0.000000;1;1
301;1;0.000000;0.000000;1;1
302;0;0.000000;0.000000;0;0
303;0;0.000000;0.000000;0;0
304;1;0.000000;0.000000;1;1
305;0;0.000000;0.000000;0;0
306;1;0.000000;0.000000;1;1
307;1;0.000000;0.000000;1;1
308;1;0.000000;0.000000;1;1
309;0;0.000000;0.000000;0;0
310;0;0.000000;0.000000;0;0
311;1;0.000000;0.000000;1;1
312;0;0.000000;0.000000;0;0
313;0;0.000000;0.000000;0;0
314;1;0.000000;0.000000;1;1
315;0;0.000000;0.000000;0;0
316;0;0.000000;0.000000;0;0
317;1;0.000000;0.000000;1;1
318;0;0.000000;0.000000;0;0
319;1;0.000000;0.000000;1;1
320;1;0.000000;0.000000;1;1
321;0;0.000000;0.000000;0;0
322;1;0.000000;0.000000;1;1
323;1;0.000000;0.000000;1;1
324;1;0.000000;0.000000;1;1
325;0;0.000000;0.000000;0;0
326;0;0.000000;0.000000;0;0
327;1;0.000000;0.000000;1;1
328;1;0.000000;0.000000;1;1
329;1;0.000000;0.000000;1;1
330;0;0.000000;0.000000;0;0
331;0;0.000000;0.000000;0;0
332;1;0.000000;0.000000;1;1
333;0;0.000000;0.000000;0;0
334;0;0.000000;0.000000;0;0
335;0;0.000000;0.000000;0;0
336;0;0.000000;0.000000;0;0
337;0;0.000000;0.000000;0;0
338;0;0.000000;0.000000;0;0
339;1;0.000000;0.000000;1;1
340;0;0.000000;0.000000;0;0
341;0;0.000000;0.000000;0;0
342;0;0.000000;0.000000;0;0
343;1;0.000000;0.000000;1;1
344;0;0.000000;0.000000;0;0
345;1;0.000000;0.000000;1;1
346;0;0.000000;0.000000;0;0
347;0;0.000000;0.000000;0;0
348;0;0.000000;0.000000;0;0
349;1;0.000000;0.000000;1;1
350;0;0.000000;0.000000;0;0
351;1;0.000000;0.000000;1;1
352;0;0.000000;0.000000;0;0
353;0;0.000000;0.000000;0;0
354;0;0.000000;0.000000;0;0
355;1;0.000000;0.000000;1;1
356;0;0.000000;0.000000;0;0
357;0;0.000000;0.000000;0;0
358;0;0.000000;0.000000;0;0
359;1;0.000000;0.000000;1;1
360;0;0.000000;0.000000;0;0
361;1;0.000000;0.000000;1;1
362;0;0.000000;0.000000;0;0
363;1;0.000000;0.000000;1;1
364;1;0.000000;0.000000;1;1
365;1;0.000000;0.000000;1;1
366;1;0.000000;0.000000;1;1
367;1;0.000000;0.000000;1;1
368;0;0.000000;0.000000;0;0
369;1;0.000000;0.000000;1;1
370;1;0.000000;0.000000;1;1
371;0;0.000000;0.000000;0;0
372;0;0.000000;0.000000;0;0
373;1;0.000000;0.000000;1;1
374;1;0.000000;0.000000;1;1
375;0;0.000000;0.000000;0;0
376;1;0.000000;0.000000;1;1
377;0;0.000000;0.000000;0;0
378;0;0.000000;0.000000;0;0
379;0;0.000000;0.000000;0;0
380;1;0.000000;0.000000;1;1
381;1;0.000000;0.000000;1;1
382;0;0.000000;0.000000;0;0
383;0;0.000000;0.000000;0;0
384;0;0.000000;0.000000;0;0
385;0;0.000000;0.000000;0;0
386;0;0.000000;0.000000;0;0
387;1;0.000000;0.000000;1;1
388;0;0.000000;0.000000;0;0
389;1;0.000000;0.000000;1;1
390;0;0.000000;0.000000;0;0
391;1;0.000000;0.000000;1;1
392;1;0.000000;0.000000;1;1
393;0;0.000000;0.000000;0;0
394;0;0.000000;0.000000;0;0
395;1;0.000000;0.000000;1;1
396;0;0.000000;0.000000;0;0
397;1;0.000000;0.000000;1;1
398;1;0.000000;0.000000;1;1
399;1;0.000000;0.000000;1;1
400;0;0.000000;0.000000;0;0
401;1;0.000000;0.000000;1;1
402;0;0.000000;0.000000;0;0
403;1;0.000000;0.000000;1;1
404;0;0.000000;0.000000;0;0
405;0;0.000000;0.000000;0;0
406;1;0.000000;0.000000;1;1
407;0;0.000000;0.000000;0;0
408;0;0.000000;0.000000;0;0
409;1;0.000000;0.000000;1;1
410;0;0.000000;0.000000;0;0
411;1;0.000000;0.000000;1;1
412;1;0.000000;0.000000;1;1
413;1;0.000000;0.000000;1;1
414;0;0.000000;0.000000;0;0
415;1;0.000000;0.000000;1;1
416;1;0.000000;0.000000;1;1
417;0;0.000000;0.000000;0;0
418;1;0.000000;0.000000;1;1
419;1;0.000000;0.000000;1;1
420;1;0.000000;0.000000;1;1
421;0;0.000000;0.000000;0;0
422;0;0.000000;0.000000;0;0
423;0;0.000000;0.000000;0;0
424;1;0.000000;0.000000;1;1
425;0;0.000000;0.000000;0;0
426;1;0.000000;0.000000;1;1
427;1;0.000000;0.000000;1;1
428;0;0.000000;0.000000;0;0
429;1;0.000000;0.000000;1;1
430;1;0.000000;0.000000;1;1
431;0;0.000000;0.000000;0;0
432;1;0.000000;0.000000;1;1
433;1;0.000000;0.000000;1;1
434;1;0.000000;0.000000;1;1
435;1;0.000000;0.000000;1;1
436;1;0.000000;0.000000;1;1
437;0;0.000000;0.000000;0;0
438;0;0.000000;0.000000;0;0
439;0;0.000000;0.000000;0;0
440;0;0.000000;0.000000;0;0
441;0;0.000000;0.000000;0;0
442;0;0.000000;0.000000;0;0
443;1;0.000000;0.000000;1;1
444;1;0.000000;0.000000;1;1
445;1;0.000000;0.000000;1;1
446;1;0.000000;0.000000;1;1
447;1;0.000000;0.000000;1;1
448;0;0.000000;0.000000;0;0
449;0;0.000000;0.000000;0;0
450;1;0.000000;0.000000;1;1
451;1;0.000000;0.000000;1;1
452;0;0.000000;0.000000;0;0
453;0;0.000000;0.000000;0;0
454;0;0.000000;0.000000;0;0
455;0;0.000000;0.000000;0;0
456;1;0.000000;0.000000;1;1
457;1;0.000000;0.000000;1;1
458;1;0.000000;0.000000;1;1
459;0;0.000000;0.000000;0;0
460;1;0.000000;0.000000;1;1
461;1;0.000000;0.000000;1;1
462;1;0.000000;0.000000;1;1
463;0;0.000000;0.000000;0;0
464;0;0.000000;0.000000;0;0
465;1;0.000000;0.000000;1;1
466;1;0.000000;0.000000;1;1
467;0;0.000000;0.000000;0;0
468;1;0.000000;0.000000;1;1
469;0;0.000000;0.000000;0;0
470;1;0.000000;0.000000;1;1
471;1;0.000000;0.000000;1;1
472;1;0.000000;0.000000;1;1
473;0;0.000000;0.000000;0;0
474;0;0.000000;0.000000;0;0
475;1;0.000000;0.000000;1;1
476;0;0.000000;0.000000;0;0
477;0;0.000000;0.000000;0;0
478;1;0.000000;0.000000;1;1
479;0;0.000000;0.000000;0;0
480;0;0.000000;0.000000;0;0
481;0;0.000000;0.000000;0;0
482;1;0.000000;0.000000;1;1
483;1;0.000000;0.000000;1;1
484;1;0.000000;0.000000;1;1
485;0;0.000000;0.000000;0;0
486;1;0.000000;0.000000;1;1
487;1;0.000000;0.000000;1;1
488;0;0.000000;0.000000;0;0
489;0;0.000000;0.000000;0;0
490;1;0.000000;0.000000;1;1
491;0;0.000000;0.000000;0;0
492;0;0.000000;0.000000;0;0
493;1;0.000000;0.000000;1;1
494;1;0.000000;0.000000;1;1
495;0;0.000000;0.000000;0;0
496;1;0.000000;0.000000;1;1
497;1;0.000000;0.000000;1;1
498;1;0.000000;0.000000;1;1
499;0;0.000000;0.000000;0;0
500;1;0.000000;0.000000;1;1
501;1;0.000000;0.000000;1;1
502;0;0.000000;0.000000;0;0
503;1;0.000000;0.000000;1;1
504;1;0.000000;0.000000;1;1
505;1;0.000000;0.000000;1;1
506;1;0.000000;0.000000;1;1
507;1;0.000000;0.000000;1;1
508;0;0.000000;0.000000;0;0
509;1;0.000000;0.000000;1;1
510;1;0.000000;0.000000;1;1
511;0;0.000000;0.000000;0;0
512;1;0.000000;0.000000;1;1
513;0;0.000000;0.000000;0;0
514;0;0.000000;0.000000;0;0
515;0;0.000000;0.000000;0;0
516;1;0.000000;0.000000;1;1
517;0;0.000000;0.000000;0;0
518;0;0.000000;0.000000;0;0
519;0;0.000000;0.000000;0;0
520;0;0.000000;0.000000;0;0
521;0;0.000000;0.000000;0;0
522;0;0.000000;0.000000;0;0
523;1;0.000000;0.000000;1;1
524;0;0.000000;0.000000;0;0
525;0;0.000000;0.000000;0;0
526;1;0.000000;0.000000;1;1
527;1;0.000000;0.000000;1;1
528;0;0.000000;0.000000;0;0
529;0;0.000000;0.000000;0;0
530;1;0.000000;0.000000;1;1
531;0;0.000000;0.000000;0;0
532;1;0.000000;0.000000;1;1
533;0;0.000000;0.000000;0;0
534;1;0.000000;0.000000;1;1
535;0;0.000000;0.000000;0;0
536;1;0.000000;0.000000;1;1
537;0;0.000000;0.000000;0;0
538;0;0.000000;0.000000;0;0
539;1;0.000000;0.000000;1;1
540;0;0.000000;0.000000;0;0
541;0;0.000000;0.000000;0;0
542;0;0.000000;0.000000;0;0
543;0;0.000000;0.000000;0;0
544;0;0.000000;0.000000;0;0
545;0;0.000000;0.000000;0;0
546;0;0.000000;0.000000;0;0
547;0;0.000000;0.000000;0;0
548;1;0.000000;0.000000;1;1
549;1;0.000000;0.000000;1;1
550;1;0.000000;0.000000;1;1
551;0;0.000000;0.000000;0;0
552;1;0.000000;0.000000;1;1
553;1;0.000000;0.000000;1;1
554;0;0.000000;0.000000;0;0
555;0;0.000000;0.000000;0;0
556;1;0.000000;0.000000;1;1
557;0;0.000000;0.000000;0;0
558;1;0.000000;0.000000;1;1
559;1;0.000000;0.000000;1;1
560;0;0.000000;0.000000;0;0
561;1;0.000000;0.000000;1;1
562;1;0.000000;0.000000;1;1
563;1;0.000000;0.000000;1;1
564;1;0.000000;0.000000;1;1
565;1;0.000000;0.000000;1;1
566;0;0.000000;0.000000;0;0
567;0;0.000000;0.000000;0;0
568;0;0.000000;0.000000;0;0
569;1;0.000000;0.000000;1;1
570;0;0.000000;0.000000;0;0
571;0;0.000000;0.000000;0;0
572;1;0.000000;0.000000;1;1
573;1;0.000000;0.000000;1;1
574;0;0.000000;0.000000;0;0
575;1;0.000000;0.000000;1;1
576;1;0.000000;0.000000;1;1
577;1;0.000000;0.000000;1;1
578;0;0.000000;0.000000;0;0
579;0;0.000000;0.000000;0;0
580;0;0.000000;0.000000;0;0
581;1;0.000000;0.000000;1;1
582;1;0.000000;0.000000;1;1
583;1;0.000000;0.000000;1;1
584;1;0.000000;0.000000;1;1
585;1;0.000000;0.000000;1;1
586;1;0.000000;0.000000;1;1
587;1;0.000000;0.000000;1;1
588;1;0.000000;0.000000;1;1
589;0;0.000000;0.000000;0;0
590;1;0.000000;0.000000;1;1
591;1;0.000000;0.000000;1;1
592;1;0.000000;0.000000;1;1
593;1;0.000000;0.000000;1;1
594;0;0.000000;0.000000;0;0
595;1;0.000000;0.000000;1;1
596;0;0.000000;0.000000;0;0
597;0;0.000000;0.000000;0;0
598;1;0.000000;0.000000;1;1
599;0;0.000000;0.000000;0;0
600;0;0.000000;0.000000;0;0
601;0;0.000000;0.000000;0;0
602;1;0.000000;0.000000;1;1
603;1;0.000000;0.000000;1;1
604;1;0.000000;0.000000;1;1
605;1;0.000000;0.000000;1;1
606;1;0.000000;0.000000;1;1
607;1;0.000000;0.000000;1;1
608;0;0.000000;0.000000;0;0
609;1;0.000000;0.000000;1;1
610;1;0.000000;0.000000;1;1
611;0;0.000000;0.000000;0;0
612;1;0.000000;0.000000;1;1
613;1;0.000000;0.000000;1;1
614;0;0.000000;0.000000;0;0
615;0;0.000000;0.000000;0;0
616;1;0.000000;0.000000;1;1
617;1;0.000000;0.000000;1;1
618;0;0.000000;0.000000;0;0
619;1;0.000000;0.000000;1;1
620;1;0.000000;0.000000;1;1
621;0;0.000000;0.000000;0;0
622;0;0.000000;0.000000;0;0
623;1;0.000000;0.000000;1;1
624;0;0.000000;0.000000;0;0
625;0;0.000000;0.000000;0;0
626;1;0.000000;0.000000;1;1
627;0;0.000000;0.000000;0;0
628;1;0.000000;0.000000;1;1
629;0;0.000000;0.000000;0;0
630;0;0.000000;0.000000;0;0
631;1;0.000000;0.000000;1;1
632;1;0.000000;0.000000;1;1
633;1;0.000000;0.000000;1;1
634;1;0.000000;0.000000;1;1
635;1;0.000000;0.000000;1;1
636;0;0.000000;0.000000;0;0
637;1;0.000000;0.000000;1;1
638;0;0.000000;0.000000;0;0
639;0;0.000000;0.000000;0;0
640;0;0.000000;0.000000;0;0
641;1;0.000000;0.000000;1;1
642;1;0.000000;0.000000;1;1
643;0;0.000000;0.000000;0;0
644;1;0.000000;0.000000;1;1
645;1;0.000000;0.000000;1;1
646;0;0.000000;0.000000;0;0
647;1;0.000000;0.000000;1;1
648;0;0.000000;0.000000;0;0
649;0;0.000000;0.000000;0;0
650;0;0.000000;0.000000;0;0
651;1;0.000000;0.000000;1;1
652;0;0.000000;0.000000;0;0
653;0;0.000000;0.000000;0;0
654;0;0.000000;0.000000;0;0
655;1;0.000000;0.000000;1;1
656;0;0.000000;0.000000;0;0
657;0;0.000000;0.000000;0;0
658;0;0.000000;0.000000;0;0
659;1;0.000000;0.000000;1;1
660;1;0.000000;0.000000;1;1
661;0;0.000000;0.000000;0;0
662;0;0.000000;0.000000;0;0
663;0;0.000000;0.000000;0;0
664;0;0.000000;0.000000;0;0
665;0;0.000000;0.000000;0;0
666;0;0.000000;0.000000;0;0
667;1;0.000000;0.000000;1;1
668;1;0.000000;0.000000;1;1
669;1;0.000000;0.000000;1;1
670;0;0.000000;0.000000;0;0
671;1;0.000000;0.000000;1;1
672;0;0.000000;0.000000;0;0
673;0;0.000000;0.000000;0;0
674;0;0.000000;0.000000;0;0
675;0;0.000000;0.000000;0;0
676;1;0.000000;0.000000;1;1
677;1;0.000000;0.000000;1;1
678;0;0.000000;0.000000;0;0
679;0;0.000000;0.000000;0;0
680;0;0.000000;0.000000;0;0
681;0;0.000000;0.000000;0;0
682;1;0.000000;0.000000;1;1
683;0;0.000000;0.000000;0;0
684;0;0.000000;0.000000;0;0
685;0;0.000000;0.000000;0;0
686;1;0.000000;0.000000;1;1
687;1;0.000000;0.000000;1;1
688;1;0.000000;0.000000;1;1
689;1;0.000000;0.000000;1;1
690;1;0.000000;0.000000;1;1
691;1;0.000000;0.000000;1;1
692;0;0.000000;0.000000;0;0
693;0;0.000000;0.000000;0;0
694;1;0.000000;0.000000;1;1
695;1;0.000000;0.000000;1;1
696;0;0.000000;0.000000;0;0
697;1;0.000000;0.000000;1;1
698;1;0.000000;0.000000;1;1
699;0;0.000000;0.000000;0;0
700;0;0.000000;0.000000;0;0
701;1;0.000000;0.000000;1;1
702;1;0.000000;0.000000;1;1
703;1;0.000000;0.000000;1;1
704;0;0.000000;0.000000;0;0
705;0;0.000000;0.000000;0;0
706;0;0.000000;0.000000;0;0
707;0;0.000000;0.000000;0;0
708;1;0.000000;0.000000;1;1
709;0;0.000000;0.000000;0;0
710;1;0.000000;0.000000;1;1
711;0;0.000000;0.000000;0;0
712;0;0.000000;0.000000;0;0
713;1;0.000000;0.000000;1;1
714;1;0.000000;0.000000;1;1
715;1;0.000000;0.000000;1;1
716;1;0.000000;0.000000;1;1
717;0;0.000000;0.000000;0;0
718;0;0.000000;0.000000;0;0
719;1;0.000000;0.000000;1;1
720;1;0.000000;0.000000;1;1
721;0;0.000000;0.000000;0;0
722;1;0.000000;0.000000;1;1
723;0;0.000000;0.000000;0;0
724;0;0.000000;0.000000;0;0
725;0;0.000000;0.000000;0;0
726;0;0.000000;0.000000;0;0
727;0;0.000000;0.000000;0;0
728;1;0.000000;0.000000;1;1
729;1;0.000000;0.000000;1;1
730;1;0.000000;0.000000;1;1
731;1;0.000000;0.000000;1;1
732;1;0.000000;0.000000;1;1
733;0;0.000000;0.000000;0;0
734;1;0.000000;0.000000;1;1
735;0;0.000000;0.000000;0;0
736;0;0.000000;0.000000;0;0
737;1;0.000000;0.000000;1;1
738;0;0.000000;0.000000;0;0
739;0;0.000000;0.000000;0;0
740;1;0.000000;0.000000;1;1
741;1;0.000000;0.000000;1;1
742;1;0.000000;0.000000;1;1
743;0;0.000000;0.000000;0;0
744;1;0.000000;0.000000;1;1
745;0;0.000000;0.000000;0;0
746;0;0.000000;0.000000;0;0
747;1;0.000000;0.000000;1;1
748;0;0.000000;0.000000;0;0
749;0;0.000000;0.000000;0;0
750;0;0.000000;0.000000;0;0
751;1;0.000000;0.000000;1;1
752;1;0.000000;0.000000;1;1
753;0;0.000000;0.000000;0;0
754;1;0.000000;0.000000;1;1
755;0;0.000000;0.000000;0;0
756;1;0.000000;0.000000;1;1
757;1;0.000000;0.000000;1;1
758;0;0.000000;0.000000;0;0
759;0;0.000000;0.000000;0;0
760;1;0.000000;0.000000;1;1
761;0;0.000000;0.000000;0;0
762;0;0.000000;0.000000;0;0
763;0;0.000000;0.000000;0;0
764;0;0.000000;0.000000;0;0
765;1;0.000000;0.000000;1;1
766;1;0.000000;0.000000;1;1
767;0;0.000000;0.000000;0;0
768;0;0.000000;0.000000;0;0
769;0;0.000000;0.000000;0;0
770;1;0.000000;0.000000;1;1
771;1;0.000000;0.000000;1;1
772;0;0.000000;0.000000;0;0
773;1;0.000000;0.000000;1;1
774;0;0.000000;0.000000;0;0
775;0;0.000000;0.000000;0;0
776;1;0.000000;0.000000;1;1
777;0;0.000000;0.000000;0;0
778;1;0.000000;0.000000;1;1
779;1;0.000000;0.000000;1;1
780;0;0.000000;0.000000;0;0
781;1;0.000000;0.000000;1;1
782;1;0.000000;0.000000;1;1
783;0;0.000000;0.000000;0;0
784;1;0.000000;0.000000;1;1
785;1;0.000000;0.000000;1;1
786;1;0.000000;0.000000;1;1
787;0;0.000000;0.000000;0;0
788;0;0.000000;0.000000;0;0
789;1;0.000000;0.000000;1;1
790;1;0.000000;0.000000;1;1
791;1;0.000000;0.000000;1;1
792;1;0.000000;0.000000;1;1
793;1;0.000000;0.000000;1;1
794;0;0.000000;0.000000;0;0
795;0;0.000000;0.000000;0;0
796;1;0.000000;0.000000;1;1
797;1;0.000000;0.000000;1;1
798;0;0.000000;0.000000;0;0
799;0;0.000000;0.000000;0;0
800;0;0.000000;0.000000;0;0
801;1;0.000000;0.000000;1;1
802;1;0.000000;0.000000;1;1
803;1;0.000000;0.000000;1;1
804;0;0.000000;0.000000;0;0
805;0;0.000000;0.000000;0;0
806;1;0.000000;0.000000;1;1
807;0;0.000000;0.000000;0;0
808;0;0.000000;0.000000;0;0
809;1;0.000000;0.000000;1;1
810;1;0.000000;0.000000;1;1
811;1;0.000000;0.000000;1;1
812;1;0.000000;0.000000;1;1
813;1;0.000000;0.000000;1;1
814;0;0.000000;0.000000;0;0
815;0;0.000000;0.000000;0;0
816;1;0.000000;0.000000;1;1
817;1;0.000000;0.000000;1;1
818;1;0.000000;0.000000;1;1
819;1;0.000000;0.000000;1;1
820;0;0.000000;0.000000;0;0
821;1;0.000000;0.000000;1;1
822;1;0.000000;0.000000;1;1
823;0;0.000000;0.000000;0;0
824;0;0.000000;0.000000;0;0
825;0;0.000000;0.000000;0;0
826;0;0.000000;0.000000;0;0
827;1;0.000000;0.000000;1;1
828;0;0.000000;0.000000;0;0
829;1;0.000000;0.000000;1;1
830;0;0.000000;0.000000;0;0
831;1;0.000000;0.000000;1;1
832;0;0.000000;0.000000;0;0
833;1;0.000000;0.000000;1;1
834;1;0.000000;0.000000;1;1
835;1;0.000000;0.000000;1;1
836;0;0.000000;0.000000;0;0
837;0;0.000000;0.000000;0;0
838;1;0.000000;0.000000;1;1
839;0;0.000000;0.000000;0;0
840;0;0.000000;0.000000;0;0
841;1;0.000000;0.000000;1;1
842;1;0.000000;0.000000;1;1
843;1;0.000000;0.000000;1;1
844;1;0.000000;0.000000;1;1
845;1;0.000000;0.000000;1;1
846;1;0.000000;0.000000;1;1
847;1;0.000000;0.000000;1;1
848;1;0.000000;0.000000;1;1
849;1;0.000000;0.000000;1;1
850;0;0.000000;0.000000;0;0
851;1;0.000000;0.000000;1;1
852;1;0.000000;0.000000;1;1
853;0;0.000000;0.000000;0;0
854;1;0.000000;0.000000;1;1
855;0;0.000000;0.000000;0;0
856;0;0.000000;0.000000;0;0
857;1;0.000000;0.000000;1;1
858;1;0.000000;0.000000;1;1
859;1;0.000000;0.000000;1;1
860;0;0.000000;0.000000;0;0
861;0;0.000000;0.000000;0;0
862;1;0.000000;0.000000;1;1
863;1;0.000000;0.000000;1;1
864;1;0.000000;0.000000;1;1
865;1;0.000000;0.000000;1;1
866;0;0.000000;0.000000;0;0
867;1;0.000000;0.000000;1;1
868;1;0.000000;0.000000;1;1
869;1;0.000000;0.000000;1;1
870;0;0.000000;0.000000;0;0
871;0;0.000000;0.000000;0;0
872;0;0.000000;0.000000;0;0
873;1;0.000000;0.000000;1;1
874;1;0.000000;0.000000;1;1
875;0;0.000000;0.000000;0;0
876;1;0.000000;0.000000;1;1
877;0;0.000000;0.000000;0;0
878;0;0.000000;0.000000;0;0
879;0;0.000000;0.000000;0;0
880;1;0.000000;0.000000;1;1
881;0;0.000000;0.000000;0;0
882;1;0.000000;0.000000;1;1
883;0;0.000000;0.000000;0;0
884;0;0.000000;0.000000;0;0
885;0;0.000000;0.000000;0;0
886;1;0.000000;0.000000;1;1
887;1;0.000000;0.000000;1;1
888;1;0.000000;0.000000;1;1
889;0;0.000000;0.000000;0;0
890;1;0.000000;0.000000;1;1
891;1;0.000000;0.000000;1;1
892;1;0.000000;0.000000;1;1
893;1;0.000000;0.000000;1;1
894;0;0.000000;0.000000;0;0
895;0;0.000000;0.000000;0;0
896;1;0.000000;0.000000;1;1
897;0;0.000000;0.000000;0;0
898;0;0.000000;0.000000;0;0
899;1;0.000000;0.000000;1;1
900;1;0.000000;0.000000;1;1
901;0;0.000000;0.000000;0;0
902;0;0.000000;0.000000;0;0
903;0;0.000000;0.000000;0;0
904;1;0.000000;0.000000;1;1
905;0;0.000000;0.000000;0;0
906;1;0.000000;0.000000;1;1
907;0;0.000000;0.000000;0;0
908;0;0.000000;0.000000;0;0
909;0;0.000000;0.000000;0;0
910;1;0.000000;0.000000;1;1
911;0;0.000000;0.000000;0;0
912;1;0.000000;0.000000;1;1
913;0;0.000000;0.000000;0;0
914;0;0.000000;0.000000;0;0
915;1;0.000000;0.000000;1;1
916;1;0.000000;0.000000;1;1
917;1;0.000000;0.000000;1;1
918;1;0.000000;0.000000;1;1
919;1;0.000000;0.000000;1;1
920;0;0.000000;0.000000;0;0
921;1;0.000000;0.000000;1;1
922;1;0.000000;0.000000;1;1
923;0;0.000000;0.000000;0;0
924;0;0.000000;0.000000;0;0
925;0;0.000000;0.000000;0;0
926;1;0.000000;0.000000;1;1
927;1;0.000000;0.000000;1;1
928;0;0.000000;0.000000;0;0
929;1;0.000000;0.000000;1;1
930;1;0.000000;0.000000;1;1
931;1;0.000000;0.000000;1;1
932;0;0.000000;0.000000;0;0
933;0;0.000000;0.000000;0;0
934;0;0.000000;0.000000;0;0
935;0;0.000000;0.000000;0;0
936;1;0.000000;0.000000;1;1
937;0;0.000000;0.000000;0;0
938;0;0.000000;0.000000;0;0
939;0;0.000000;0.000000;0;0
940;0;0.000000;0.000000;0;0
941;1;0.000000;0.000000;1;1
942;0;0.000000;0.000000;0;0
943;1;0.000000;0.000000;1;1
944;0;0.000000;0.000000;0;0
945;0;0.000000;0.000000;0;0
946;1;0.000000;0.000000;1;1
947;1;0.000000;0.000000;1;1
948;0;0.000000;0.000000;0;0
949;0;0.000000;0.000000;0;0
950;1;0.000000;0.000000;1;1
951;0;0.000000;0.000000;0;0
952;0;0.000000;0.000000;0;0
953;0;0.000000;0.000000;0;0
954;1;0.000000;0.000000;1;1
955;0;0.000000;0.000000;0;0
956;1;0.000000;0.000000;1;1
957;0;0.000000;0.000000;0;0
958;1;0.000000;0.000000;1;1
959;1;0.000000;0.000000;1;1
960;1;0.000000;0.000000;1;1
961;1;0.000000;0.000000;1;1
962;1;0.000000;0.000000;1;1
963;1;0.000000;0.000000;1;1
964;1;0.000000;0.000000;1;1
965;1;0.000000;0.000000;1;1
966;1;0.000000;0.000000;1;1
967;1;0.000000;0.000000;1;1
968;1;0.000000;0.000000;1;1
969;1;0.000000;0.000000;1;1
970;0;0.000000;0.000000;0;0
971;1;0.000000;0.000000;1;1
972;0;0.000000;0.000000;0;0
973;1;0.000000;0.000000;1;1
974;1;0.000000;0.000000;1;1
975;0;0.000000;0.000000;0;0
976;0;0.000000;0.000000;0;0
977;0;0.000000;0.000000;0;0
978;1;0.000000;0.000000;1;1
979;0;0.000000;0.000000;0;0
980;0;0.000000;0.000000;0;0
981;0;0.000000;0.000000;0;0
982;1;0.000000;0.000000;1;1
983;1;0.000000;0.000000;1;1
984;1;0.000000;0.000000;1;1
985;0;0.000000;0.000000;0;0
986;1;0.000000;0.000000;1;1
987;0;0.000000;0.000000;0;0
988;0;0.000000;0.000000;0;0
989;1;0.000000;0.000000;1;1
990;1;0.000000;0.000000;1;1
991;0;0.000000;0.000000;0;0
992;1;0.000000;0.000000;1;1
993;1;0.000000;0.000000;1;1
994;1;0.000000;0.000000;1;1
995;1;0.000000;0.000000;1;1
996;1;0.000000;0.000000;1;1
997;0;0.000000;0.000000;0;0
998;1;0.000000;0.000000;1;1
999;0;0.000000;0.000000;0;0
1000;1;0.000000;0.000000;1;1
1001;0;0.000000;0.000000;0;0
1002;0;0.000000;0.000000;0;0
1003;1;0.000000;0.000000;1;1
1004;0;0.000000;0.000000;0;0
1005;1;0.000000;0.000000;1;1
1006;1;0.000000;0.000000;1;1
1007;0;0.000000;0.000000;0;0
1008;0;0.000000;0.000000;0;0
1009;0;0.000000;0.000000;0;0
1010;1;0.000000;0.000000;1;1
1011;0;0.000000;0.000000;0;0
1012;0;0.000000;0.000000;0;0
1013;1;0.000000;0.000000;1;1
1014;1;0.000000;0.000000;1;1
1015;1;0.000000;0.000000;1;1
1016;1;0.000000;0.000000;1;1
1017;1;0.000000;0.000000;1;1
1018;0;0.000000;0.000000;0;0
1019;0;0.000000;0.000000;0;0
1020;1;0.000000;0.000000;1;1
1021;1;0.000000;0.000000;1;1
1022;1;0.000000;0.000000;1;1
1023;0;0.000000;0.000000;0;0
1024;0;0.000000;0.000000;0;0
1025;1;0.000000;0.000000;1;1
1026;0;0.000000;0.000000;0;0
1027;0;0.000000;0.000000;0;0
1028;0;0.000000;0.000000;0;0
1029;1;0.000000;0.000000;1;1
1030;1;0.000000;0.000000;1;1
1031;1;0.000000;0.000000;1;1
1032;1;0.000000;0.000000;1;1
1033;0;0.000000;0.000000;0;0
1034;1;0.000000;0.000000;1;1
1035;0;0.000000;0.000000;0;0
1036;0;0.000000;0.000000;0;0
1037;0;0.000000;0.000000;0;0
1038;0;0.000000;0.000000;0;0
1039;1;0.000000;0.000000;1;1
1040;1;0.000000;0.000000;1;1
1041;1;0.000000;0.000000;1;1
1042;1;0.000000;0.000000;1;1
1043;0;0.000000;0.000000;0;0
1044;1;0.000000;0.000000;1;1
1045;1;0.000000;0.000000;1;1
1046;0;0.000000;0.000000;0;0
1047;1;0.000000;0.000000;1;1
1048;1;0.000000;0.000000;1;1
1049;1;0.000000;0.000000;1;1
1050;1;0.000000;0.000000;1;1
1051;0;0.000000;0.000000;0;0
1052;0;0.000000;0.000000;0;0
1053;1;0.000000;0.000000;1;1
1054;1;0.000000;0.000000;1;1
1055;0;0.000000;0.000000;0;0
1056;0;0.000000;0.000000;0;0
1057;1;0.000000;0.000000;1;1
1058;0;0.000000;0.000000;0;0
1059;0;0.000000;0.000000;0;0
1060;0;0.000000;0.000000;0;0
1061;0;0.000000;0.000000;0;0
1062;1;0.000000;0.000000;1;1
1063;1;0.000000;0.000000;1;1
1064;1;0.000000;0.000000;1;1
1065;1;0.000000;0.000000;1;1
1066;1;0.000000;0.000000;1;1
1067;1;0.000000;0.000000;1;1
1068;1;0.000000;0.000000;1;1
1069;1;0.000000;0.000000;1;1
1070;1;0.000000;0.000000;1;1
1071;1;0.000000;0.000000;1;1
1072;1;0.000000;0.000000;1;1
1073;0;0.000000;0.000000;0;0
1074;1;0.000000;0.000000;1;1
1075;1;0.000000;0.000000;1;1
1076;1;0.000000;0.000000;1;1
1077;1;0.000000;0.000000;1;1
1078;0;0.000000;0.000000;0;0
1079;1;0.000000;0.000000;1;1
1080;0;0.000000;0.000000;0;0
1081;1;0.000000;0.000000;1;1
1082;1;0.000000;0.000000;1;1
1083;0;0.000000;0.000000;0;0
1084;1;0.000000;0.000000;1;1
1085;0;0.000000;0.000000;0;0
1086;1;0.000000;0.000000;1;1
1087;0;0.000000;0.000000;0;0
1088;0;0.000000;0.000000;0;0
1089;0;0.000000;0.000000;0;0
1090;0;0.000000;0.000000;0;0
1091;0;0.000000;0.000000;0;0
1092;0;0.000000;0.000000;0;0
1093;0;0.000000;0.000000;0;0
1094;1;0.000000;0.000000;1;1
1095;0;0.000000;0.000000;0;0
1096;1;0.000000;0.000000;1;1
1097;1;0.000000;0.000000;1;1
1098;0;0.000000;0.000000;0;0
1099;1;0.000000;0.000000;1;1
1100;0;0.000000;0.000000;0;0
1101;0;0.000000;0.000000;0;0
1102;0;0.000000;0.000000;0;0
1103;0;0.000000;0.000000;0;0
1104;0;0.000000;0.000000;0;0
1105;1;0.000000;0.000000;1;1
1106;0;0.000000;0.000000;0;0
1107;1;0.000000;0.000000;1;1
1108;0;0.000000;0.000000;0;0
1109;0;0.000000;0.000000;0;0
1110;0;0.000000;0.000000;0;0
1111;1;0.000000;0.000000;1;1
1112;0;0.000000;0.000000;0;0
1113;0;0.000000;0.000000;0;0
1114;0;0.000000;0.000000;0;0
1115;0;0.000000;0.000000;0;0
1116;1;0.000000;0.000000;1;1
1117;0;0.000000;0.000000;0;0
1118;1;0.000000;0.000000;1;1
1119;1;0.000000;0.000000;1;1
1120;1;0.000000;0.000000;1;1
1121;0;0.000000;0.000000;0;0
1122;1;0.000000;0.000000;1;1
1123;1;0.000000;0.000000;1;1
1124;1;0.000000;0.000000;1;1
1125;0;0.000000;0.000000;0;0
1126;0;0.000000;0.000000;0;0
1127;0;0.000000;0.000000;0;0
1128;1;0.000000;0.000000;1;1
1129;1;0.000000;0.000000;1;1
1130;1;0.000000;0.000000;1;1
1131;0;0.000000;0.000000;0;0
1132;1;0.000000;0.000000;1;1
1133;1;0.000000;0.000000;1;1
1134;1;0.000000;0.000000;1;1
1135;1;0.000000;0.000000;1;1
1136;1;0.000000;0.000000;1;1
1137;0;0.000000;0.000000;0;0
1138;1;0.000000;0.000000;1;1
1139;0;0.000000;0.000000;0;0
1140;0;0.000000;0.000000;0;0
1141;0;0.000000;0.000000;0;0
1142;1;0.000000;0.000000;1;1
1143;0;0.000000;0.000000;0;0
1144;1;0.000000;0.000000;1;1
1145;0;0.000000;0.000000;0;0
1146;0;0.000000;0.000000;0;0
1147;0;0.000000;0.000000;0;0
1148;0;0.000000;0.000000;0;0
1149;1;0.000000;0.000000;1;1
1150;1;0.000000;0.000000;1;1
1151;0;0.000000;0.000000;0;0
1152;1;0.000000;0.000000;1;1
1153;0;0.000000;0.000000;0;0
1154;1;0.000000;0.000000;1;1
1155;1;0.000000;0.000000;1;1
1156;1;0.000000;0.000000;1;1
1157;1;0.000000;0.000000;1;1
1158;1;0.000000;0.000000;1;1
1159;0;0.000000;0.000000;0;0
1160;0;0.000000;0.000000;0;0
1161;0;0.000000;0.000000;0;0
1162;1;0.000000;0.000000;1;1
1163;0;0.000000;0.000000;0;0
1164;0;0.000000;0.000000;0;0
1165;1;0.000000;0.000000;1;1
1166;1;0.000000;0.000000;1;1
1167;1;0.000000;0.000000;1;1
1168;0;0.000000;0.000000;0;0
1169;1;0.000000;0.000000;1;1
1170;0;0.000000;0.000000;0;0
1171;1;0.000000;0.000000;1;1
1172;0;0.000000;0.000000;0;0
1173;1;0.000000;0.000000;1;1
1174;1;0.000000;0.000000;1;1
1175;0;0.000000;0.000000;0;0
1176;0;0.000000;0.000000;0;0
1177;0;0.000000;0.000000;0;0
1178;1;0.000000;0.000000;1;1
1179;1;0.000000;0.000000;1;1
1180;1;0.000000;0.000000;1;1
1181;0;0.000000;0.000000;0;0
1182;1;0.000000;0.000000;1;1
1183;0;0.000000;0.000000;0;0
1184;1;0.000000;0.000000;1;1
1185;1;0.000000;0.000000;1;1
1186;0;0.000000;0.000000;0;0
1187;0;0.000000;0.000000;0;0
1188;0;0.000000;0.000000;0;0
1189;1;0.000000;0.000000;1;1
1190;0;0.000000;0.000000;0;0
1191;1;0.000000;0.000000;1;1
1192;0;0.000000;0.000000;0;0
1193;0;0.000000;0.000000;0;0
1194;0;0.000000;0.000000;0;0
1195;0;0.000000;0.000000;0;0
1196;0;0.000000;0.000000;0;0
1197;0;0.000000;0.000000;0;0
1198;1;0.000000;0.000000;1;1
1199;0;0.000000;0.000000;0;0
1200;1;0.000000;0.000000;1;1
1201;0;0.000000;0.000000;0;0
1202;1;0.000000;0.000000;1;1
1203;1;0.000000;0.000000;1;1
1204;1;0.000000;0.000000;1;1
1205;0;0.000000;0.000000;0;0
1206;0;0.000000;0.000000;0;0
1207;0;0.000000;0.000000;0;0
1208;1;0.000000;0.000000;1;1
1209;1;0.000000;0.000000;1;1
1210;0;0.000000;0.000000;0;0
1211;1;0.000000;0.000000;1;1
1212;1;0.000000;0.000000;1;1
1213;0;0.000000;0.000000;0;0
1214;0;0.000000;0.000000;0;0
1215;0;0.000000;0.000000;0;0
1216;1;0.000000;0.000000;1;1
1217;1;0.000000;0.000000;1;1
1218;0;0.000000;0.000000;0;0
1219;0;0.000000;0.000000;0;0
1220;1;0.000000;0.000000;1;1
1221;0;0.000000;0.000000;0;0
1222;1;0.000000;0.000000;1;1
1223;1;0.000000;0.000000;1;1
1224;0;0.000000;0.000000;0;0
1225;1;0.000000;0.000000;1;1
1226;0;0.000000;0.000000;0;0
1227;0;0.000000;0.000000;0;0
1228;0;0.000000;0.000000;0;0
1229;1;0.000000;0.000000;1;1
1230;0;0.000000;0.000000;0;0
1231;1;0.000000;0.000000;1;1
1232;0;0.000000;0.000000;0;0
1233;1;0.000000;0.000000;1;1
1234;1;0.000000;0.000000;1;1
1235;0;0.000000;0.000000;0;0
1236;1;0.000000;0.000000;1;1
1237;1;0.000000;0.000000;1;1
1238;0;0.000000;0.000000;0;0
1239;1;0.000000;0.000000;1;1
1240;1;0.000000;0.000000;1;1
1241;1;0.000000;0.000000;1;1
1242;0;0.000000;0.000000;0;0
1243;0;0.000000;0.000000;0;0
1244;0;0.000000;0.000000;0;0
1245;1;0.000000;0.000000;1;1
1246;1;0.000000;0.000000;1;1
1247;1;0.000000;0.000000;1;1
1248;1;0.000000;0.000000;1;1
1249;0;0.000000;0.000000;0;0
1250;0;0.000000;0.000000;0;0
1251;0;0.000000;0.000000;0;0
1252;0;0.000000;0.000000;0;0
1253;0;0.000000;0.000000;0;0
1254;1;0.000000;0.000000;1;1
1255;0;0.000000;0.000000;0;0
1256;0;0.000000;0.000000;0;0
1257;0;0.000000;0.000000;0;0
1258;1;0.000000;0.000000;1;1
1259;0;0.000000;0.000000;0;0
1260;0;0.000000;0.000000;0;0
1261;0;0.000000;0.000000;0;0
1262;0;0.000000;0.000000;0;0
1263;0;0.000000;0.000000;0;0
1264;1;0.000000;0.000000;1;1
1265;1;0.000000;0.000000;1;1
1266;1;0.000000;0.000000;1;1
1267;0;0.000000;0.000000;0;0
1268;0;0.000000;0.000000;0;0
1269;0;0.000000;0.000000;0;0
1270;0;0.000000;0.000000;0;0
1271;1;0.000000;0.000000;1;1
1272;1;0.000000;0.000000;1;1
1273;0;0.000000;0.000000;0;0
1274;1;0.000000;0.000000;1;1
1275;1;0.000000;0.000000;1;1
1276;0;0.000000;0.000000;0;0
1277;1;0.000000;0.000000;1;1
1278;0;0.000000;0.000000;0;0
1279;0;0.000000;0.000000;0;0
1280;0;0.000000;0.000000;0;0
1281;1;0.000000;0.000000;1;1
1282;1;0.000000;0.000000;1;1
1283;1;0.000000;0.000000;1;1
1284;1;0.000000;0.000000;1;1
1285;0;0.000000;0.000000;0;0
1286;1;0.000000;0.000000;1;1
1287;1;0.000000;0.000000;1;1
1288;0;0.000000;0.000000;0;0
1289;0;0.000000;0.000000;0;0
1290;0;0.000000;0.000000;0;0
1291;0;0.000000;0.000000;0;0
1292;0;0.000000;0.000000;0;0
1293;1;0.000000;0.000000;1;1
1294;1;0.000000;0.000000;1;1
1295;1;0.000000;0.000000;1;1
1296;0;0.000000;0.000000;0;0
1297;0;0.000000;0.000000;0;0
1298;1;0.000000;0.000000;1;1
1299;0;0.000000;0.000000;0;0
1300;1;0.000000;0.000000;1;1
1301;1;0.000000;0.000000;1;1
1302;1;0.000000;0.000000;1;1
1303;0;0.000000;0.000000;0;0
1304;1;0.000000;0.000000;1;1
1305;0;0.000000;0.000000;0;0
1306;1;0.000000;0.000000;1;1
1307;1;0.000000;0.000000;1;1
1308;1;0.000000;0.000000;1;1
1309;1;0.000000;0.000000;1;1
1310;1;0.000000;0.000000;1;1
1311;1;0.000000;0.000000;1;1
1312;1;0.000000;0.000000;1;1
1313;0;0.000000;0.000000;0;0
1314;1;0.000000;0.000000;1;1
1315;1;0.000000;0.000000;1;1
1316;0;0.000000;0.000000;0;0
1317;1;0.000000;0.000000;1;1
1318;1;0.000000;0.000000;1;1
1319;1;0.000000;0.000000;1;1
1320;0;0.000000;0.000000;0;0
1321;1;0.000000;0.000000;1;1
1322;0;0.000000;0.000000;0;0
1323;0;0.000000;0.000000;0;0
1324;1;0.000000;0.000000;1;1
1325;0;0.000000;0.000000;0;0
1326;1;0.000000;0.000000;1;1
1327;0;0.000000;0.000000;0;0
1328;0;0.000000;0.000000;0;0
1329;0;0.000000;0.000000;0;0
1330;1;0.000000;0.000000;1;1
1331;1;0.000000;0.000000;1;1
1332;1;0.000000;0.000000;1;1
1333;0;0.000000;0.000000;0;0
1334;0;0.000000;0.000000;0;0
1335;0;0.000000;0.000000;0;0
1336;1;0.000000;0.000000;1;1
1337;0;0.000000;0.000000;0;0
1338;1;0.000000;0.000000;1;1
1339;0;0.000000;0.000000;0;0
1340;0;0.000000;0.000000;0;0
1341;0;0.000000;0.000000;0;0
1342;1;0.000000;0.000000;1;1
1343;0;0.000000;0.000000;0;0
1344;0;0.000000;0.000000;0;0
1345;1;0.000000;0.000000;1;1
1346;1;0.000000;0.000000;1;1
1347;1;0.000000;0.000000;1;1
1348;1;0.000000;0.000000;1;1
1349;1;0.000000;0.000000;1;1
1350;1;0.000000;0.000000;1;1
1351;0;0.000000;0.000000;0;0
1352;0;0.000000;0.000000;0;0
1353;1;0.000000;0.000000;1;1
1354;0;0.000000;0.000000;0;0
1355;0;0.000000;0.000000;0;0
1356;0;0.000000;0.000000;0;0
1357;1;0.000000;0.000000;1;1
1358;1;0.000000;0.000000;1;1
1359;1;0.000000;0.000000;1;1
1360;1;0.000000;0.000000;1;1
1361;0;0.000000;0.000000;0;0
1362;0;0.000000;0.000000;0;0
1363;1;0.000000;0.000000;1;1
1364;0;0.000000;0.000000;0;0
1365;1;0.000000;0.000000;1;1
1366;1;0.000000;0.000000;1;1
1367;0;0.000000;0.000000;0;0
1368;0;0.000000;0.000000;0;0
1369;1;0.000000;0.000000;1;1
1370;0;0.000000;0.000000;0;0
1371;1;0.000000;0.000000;1;1
1372;0;0.000000;0.000000;0;0
1373;0;0.000000;0.000000;0;0
1374;1;0.000000;0.000000;1;1
1375;0;0.000000;0.000000;0;0
1376;1;0.000000;0.000000;1;1
1377;0;0.000000;0.000000;0;0
1378;0;0.000000;0.000000;0;0
1379;0;0.000000;0.000000;0;0
1380;0;0.000000;0.000000;0;0
1381;1;0.000000;0.000000;1;1
1382;1;0.000000;0.000000;1;1
1383;1;0.000000;0.000000;1;1
1384;0;0.000000;0.000000;0;0
1385;1;0.000000;0.000000;1;1
1386;0;0.000000;0.000000;0;0
1387;1;0.000000;0.000000;1;1
1388;1;0.000000;0.000000;1;1
1389;0;0.000000;0.000000;0;0
1390;0;0.000000;0.000000;0;0
1391;0;0.000000;0.000000;0;0
1392;0;0.000000;0.000000;0;0
1393;1;0.000000;0.000000;1;1
1394;1;0.000000;0.000000;1;1
1395;0;0.000000;0.000000;0;0
1396;1;0.000000;0.000000;1;1
1397;1;0.000000;0.000000;1;1
1398;0;0.000000;0.000000;0;0
1399;1;0.000000;0.000000;1;1
1400;1;0.000000;0.000000;1;1
1401;1;0.000000;0.000000;1;1
1402;0;0.000000;0.000000;0;0
1403;0;0.000000;0.000000;0;0
1404;1;0.000000;0.000000;1;1
1405;1;0.000000;0.000000;1;1
1406;1;0.000000;0.000000;1;1
1407;0;0.000000;0.000000;0;0
1408;1;0.000000;0.000000;1;1
1409;1;0.000000;0.000000;1;1
1410;0;0.000000;0.000000;0;0
1411;0;0.000000;0.000000;0;0
1412;0;0.000000;0.000000;0;0
1413;1;0.000000;0.000000;1;1
1414;1;0.000000;0.000000;1;1
1415;0;0.000000;0.000000;0;0
1416;1;0.000000;0.000000;1;1
1417;0;0.000000;0.000000;0;0
1418;0;0.000000;0.000000;0;0
1419;0;0.000000;0.000000;0;0
1420;0;0.000000;0.000000;0;0
1421;0;0.000000;0.000000;0;0
1422;0;0.000000;0.000000;0;0
1423;0;0.000000;0.000000;0;0
1424;0;0.000000;0.000000;0;0
1425;1;0.000000;0.000000;1;1
1426;0;0.000000;0.000000;0;0
1427;1;0.000000;0.000000;1;1
1428;1;0.000000;0.000000;1;1
1429;1;0.000000;0.000000;1;1
1430;0;0.000000;0.000000;0;0
1431;0;0.000000;0.000000;0;0
1432;0;0.000000;0.000000;0;0
1433;1;0.000000;0.000000;1;1
1434;0;0.000000;0.000000;0;0
1435;1;0.000000;0.000000;1;1
1436;0;0.000000;0.000000;0;0
1437;0;0.000000;0.000000;0;0
1438;1;0.000000;0.000000;1;1
1439;0;0.000000;0.000000;0;0
1440;1;0.000000;0.000000;1;1
1441;0;0.000000;0.000000;0;0
1442;1;0.000000;0.000000;1;1
1443;1;0.000000;0.000000;1;1
1444;0;0.000000;0.000000;0;0
1445;1;0.000000;0.000000;1;1
1446;1;0.000000;0.000000;1;1
1447;1;0.000000;0.000000;1;1
1448;1;0.000000;0.000000;1;1
1449;0;0.000000;0.000000;0;0
1450;1;0.000000;0.000000;1;1
1451;1;0.000000;0.000000;1;1
1452;0;0.000000;0.000000;0;0
1453;1;0.000000;0.000000;1;1
1454;0;0.000000;0.000000;0;0
1455;1;0.000000;0.000000;1;1
1456;1;0.000000;0.000000;1;1
1457;0;0.000000;0.000000;0;0
1458;1;0.000000;0.000000;1;1
1459;1;0.000000;0.000000;1;1
1460;1;0.000000;0.000000;1;1
1461;1;0.000000;0.000000;1;1
1462;1;0.000000;0.000000;1;1
1463;1;0.000000;0.000000;1;1
1464;1;0.000000;0.000000;1;1
1465;0;0.000000;0.000000;0;0
1466;0;0.000000;0.000000;0;0
1467;1;0.000000;0.000000;1;1
1468;0;0.000000;0.000000;0;0
1469;0;0.000000;0.000000;0;0
1470;0;0.000000;0.000000;0;0
1471;0;0.000000;0.000000;0;0
1472;0;0.000000;0.000000;0;0
1473;0;0.000000;0.000000;0;0
1474;1;0.000000;0.000000;1;1
1475;1;0.000000;0.000000;1;1
1476;0;0.000000;0.000000;0;0
1477;0;0.000000;0.000000;0;0
1478;0;0.000000;0.000000;0;0
1479;1;0.000000;0.000000;1;1
1480;1;0.000000;0.000000;1;1
1481;1;0.000000;0.000000;1;1
1482;1;0.000000;0.000000;1;1
1483;0;0.000000;0.000000;0;0
1484;0;0.000000;0.000000;0;0
1485;0;0.000000;0.000000;0;0
1486;0;0.000000;0.000000;0;0
1487;0;0.000000;0.000000;0;0
1488;1;0.000000;0.000000;1;1
1489;1;0.000000;0.000000;1;1
1490;1;0.000000;0.000000;1;1
1491;0;0.000000;0.000000;0;0
1492;0;0.000000;0.000000;0;0
1493;1;0.000000;0.000000;1;1
1494;0;0.000000;0.000000;0;0
1495;0;0.000000;0.000000;0;0
1496;0;0.000000;0.000000;0;0
1497;0;0.000000;0.000000;0;0
1498;0;0.000000;0.000000;0;0
1499;1;0.000000;0.000000;1;1
1500;1;0.000000;0.000000;1;1
1501;1;0.000000;0.000000;1;1
1502;0;0.000000;0.000000;0;0
1503;1;0.000000;0.000000;1;1
1504;0;0.000000;0.000000;0;0
1505;1;0.000000;0.000000;1;1
1506;1;0.000000;0.000000;1;1
1507;1;0.000000;0.000000;1;1
1508;0;0.000000;0.000000;0;0
1509;1;0.000000;0.000000;1;1
1510;0;0.000000;0.000000;0;0
1511;1;0.000000;0.000000;1;1
1512;1;0.000000;0.000000;1;1
1513;0;0.000000;0.000000;0;0
1514;1;0.000000;0.000000;1;1
1515;0;0.000000;0.000000;0;0
1516;0;0.000000;0.000000;0;0
1517;0;0.000000;0.000000;0;0
1518;0;0.000000;0.000000;0;0
1519;1;0.000000;0.000000;1;1
1520;1;0.000000;0.000000;1;1
1521;1;0.000000;0.000000;1;1
1522;1;0.000000;0.000000;1;1
1523;1;0.000000;0.000000;1;1
1524;1;0.000000;0.000000;1;1
1525;0;0.000000;0.000000;0;0
1526;1;0.000000;0.000000;1;1
1527;0;0.000000;0.000000;0;0
1528;1;0.000000;0.000000;1;1
1529;1;0.000000;0.000000;1;1
1530;0;0.000000;0.000000;0;0
1531;0;0.000000;0.000000;0;0
1532;1;0.000000;0.000000;1;1
1533;1;0.000000;0.000000;1;1
1534;0;0.000000;0.000000;0;0
1535;0;0.000000;0.000000;0;0
1536;1;0.000000;0.000000;1;1
1537;0;0.000000;0.000000;0;0
1538;0;0.000000;0.000000;0;0
1539;0;0.000000;0.000000;0;0
1540;1;0.000000;0.000000;1;1
1541;1;0.000000;0.000000;1;1
1542;1;0.000000;0.000000;1;1
1543;1;0.000000;0.000000;1;1
1544;1;0.000000;0.000000;1;1
1545;1;0.000000;0.000000;1;1
1546;0;0.000000;0.000000;0;0
1547;1;0.000000;0.000000;1;1
1548;0;0.000000;0.000000;0;0
1549;1;0.000000;0.000000;1;1
1550;0;0.000000;0.000000;0;0
1551;0;0.000000;0.000000;0;0
1552;1;0.000000;0.000000;1;1
1553;0;0.000000;0.000000;0;0
1554;1;0.000000;0.000000;1;1
1555;0;0.000000;0.000000;0;0
1556;0;0.000000;0.000000;0;0
1557;0;0.000000;0.000000;0;0
1558;0;0.000000;0.000000;0;0
1559;1;0.000000;0.000000;1;1
1560;0;0.000000;0.000000;0;0
1561;1;0.000000;0.000000;1;1
1562;0;0.000000;0.000000;0;0
1563;1;0.000000;0.000000;1;1
1564;1;0.000000;0.000000;1;1
1565;1;0.000000;0.000000;1;1
1566;1;0.000000;0.000000;1;1
1567;1;0.000000;0.000000;1;1
1568;1;0.000000;0.000000;1;1
1569;0;0.000000;0.000000;0;0
1570;0;0.000000;0.000000;0;0
1571;0;0.000000;0.000000;0;0
1572;1;0.000000;0.000000;1;1
1573;0;0.000000;0.000000;0;0
1574;0;0.000000;0.000000;0;0
1575;1;0.000000;0.000000;1;1
1576;0;0.000000;0.000000;0;0
1577;1;0.000000;0.000000;1;1
1578;0;0.000000;0.000000;0;0
1579;0;0.000000;0.000000;0;0
1580;1;0.000000;0.000000;1;1
1581;1;0.000000;0.000000;1;1
1582;0;0.000000;0.000000;0;0
1583;0;0.000000;0.000000;0;0
1584;0;0.000000;0.000000;0;0
1585;1;0.000000;0.000000;1;1
1586;1;0.000000;0.000000;1;1
1587;1;0.000000;0.000000;1;1
1588;0;0.000000;0.000000;0;0
1589;0;0.000000;0.000000;0;0
1590;1;0.000000;0.000000;1;1
1591;0;0.000000;0.000000;0;0
1592;1;0.000000;0.000000;1;1
1593;1;0.000000;0.000000;1;1
1594;0;0.000000;0.000000;0;0
1595;1;0.000000;0.000000;1;1
1596;1;0.000000;0.000000;1;1
1597;0;0.000000;0.000000;0;0
1598;1;0.000000;0.000000;1;1
1599;0;0.000000;0.000000;0;0
1600;1;0.000000;0.000000;1;1
1601;1;0.000000;0.000000;1;1
1602;0;0.000000;0.000000;0;0
1603;0;0.000000;0.000000;0;0
1604;1;0.000000;0.000000;1;1
1605;0;0.000000;0.000000;0;0
1606;0;0.000000;0.000000;0;0
1607;0;0.000000;0.000000;0;0
1608;1;0.000000;0.000000;1;1
1609;1;0.000000;0.000000;1;1
1610;1;0.000000;0.000000;1;1
1611;0;0.000000;0.000000;0;0
1612;0;0.000000;0.000000;0;0
1613;0;0.000000;0.000000;0;0
1614;0;0.000000;0.000000;0;0
1615;0;0.000000;0.000000;0;0
1616;1;0.000000;0.000000;1;1
1617;0;0.000000;0.000000;0;0
1618;0;0.000000;0.000000;0;0
1619;1;0.000000;0.000000;1;1
1620;1;0.000000;0.000000;1;1
1621;1;0.000000;0.000000;1;1
1622;0;0.000000;0.000000;0;0
1623;0;0.000000;0.000000;0;0
1624;1;0.000000;0.000000;1;1
1625;0;0.000000;0.000000;0;0
1626;1;0.000000;0.000000;1;1
1627;1;0.000000;0.000000;1;1
1628;1;0.000000;0.000000;1;1
1629;0;0.000000;0.000000;0;0
1630;0;0.000000;0.000000;0;0
1631;0;0.000000;0.000000;0;0
1632;0;0.000000;0.000000;0;0
1633;1;0.000000;0.000000;1;1
1634;1;0.000000;0.000000;1;1
1635;1;0.000000;0.000000;1;1
1636;0;0.000000;0.000000;0;0
1637;1;0.000000;0.000000;1;1
1638;1;0.000000;0.000000;1;1
1639;1;0.000000;0.000000;1;1
1640;1;0.000000;0.000000;1;1
1641;1;0.000000;0.000000;1;1
1642;0;0.000000;0.000000;0;0
1643;1;0.000000;0.000000;1;1
1644;0;0.000000;0.000000;0;0
1645;1;0.000000;0.000000;1;1
1646;1;0.000000;0.000000;1;1
1647;1;0.000000;0.000000;1;1
1648;1;0.000000;0.000000;1;1
1649;1;0.000000;0.000000;1;1
1650;1;0.000000;0.000000;1;1
1651;1;0.000000;0.000000;1;1
1652;1;0.000000;0.000000;1;1
1653;1;0.000000;0.000000;1;1
1654;1;0.000000;0.000000;1;1
1655;1;0.000000;0.000000;1;1
1656;1;0.000000;0.000000;1;1
1657;0;0.000000;0.000000;0;0
1658;1;0.000000;0.000000;1;1
1659;1;0.000000;0.000000;1;1
1660;1;0.000000;0.000000;1;1
1661;0;0.000000;0.000000;0;0
1662;1;0.000000;0.000000;1;1
1663;0;0.000000;0.000000;0;0
1664;0;0.000000;0.000000;0;0
1665;1;0.000000;0.000000;1;1
1666;1;0.000000;0.000000;1;1
1667;1;0.000000;0.000000;1;1
1668;0;0.000000;0.000000;0;0
1669;0;0.000000;0.000000;0;0
1670;1;0.000000;0.000000;1;1
1671;1;0.000000;0.000000;1;1
1672;0;0.000000;0.000000;0;0
1673;1;0.000000;0.000000;1;1
1674;0;0.000000;0.000000;0;0
1675;1;0.000000;0.000000;1;1
1676;0;0.000000;0.000000;0;0
1677;1;0.000000;0.000000;1;1
1678;1;0.000000;0.000000;1;1
1679;1;0.000000;0.000000;1;1
1680;1;0.000000;0.000000;1;1
1681;1;0.000000;0.000000;1;1
1682;0;0.000000;0.000000;0;0
1683;1;0.000000;0.000000;1;1
1684;1;0.000000;0.000000;1;1
1685;0;0.000000;0.000000;0;0
1686;1;0.000000;0.000000;1;1
1687;1;0.000000;0.000000;1;1
1688;1;0.000000;0.000000;1;1
1689;0;0.000000;0.000000;0;0
1690;0;0.000000;0.000000;0;0
1691;0;0.000000;0.000000;0;0
1692;1;0.000000;0.000000;1;1
1693;0;0.000000;0.000000;0;0
1694;1;0.000000;0.000000;1;1
1695;0;0.000000;0.000000;0;0
1696;1;0.000000;0.000000;1;1
1697;0;0.000000;0.000000;0;0
1698;0;0.000000;0.000000;0;0
1699;0;0.000000;0.000000;0;0
1700;1;0.000000;0.000000;1;1
1701;0;0.000000;0.000000;0;0
1702;1;0.000000;0.000000;1;1
1703;1;0.000000;0.000000;1;1
1704;0;0.000000;0.000000;0;0
1705;0;0.000000;0.000000;0;0
1706;1;0.000000;0.000000;1;1
1707;1;0.000000;0.000000;1;1
1708;1;0.000000;0.000000;1;1
1709;1;0.000000;0.000000;1;1
1710;0;0.000000;0.000000;0;0
1711;0;0.000000;0.000000;0;0
1712;0;0.000000;0.000000;0;0
1713;1;0.000000;0.000000;1;1
1714;1;0.000000;0.000000;1;1
1715;1;0.000000;0.000000;1;1
1716;0;0.000000;0.000000;0;0
1717;1;0.000000;0.000000;1;1
1718;0;0.000000;0.000000;0;0
1719;0;0.000000;0.000000;0;0
1720;1;0.000000;0.000000;1;1
1721;1;0.000000;0.000000;1;1
1722;1;0.000000;0.000000;1;1
1723;0;0.000000;0.000000;0;0
1724;1;0.000000;0.000000;1;1
1725;0;0.000000;0.000000;0;0
1726;0;0.000000;0.000000;0;0
1727;0;0.000000;0.000000;0;0
1728;0;0.000000;0.000000;0;0
1729;0;0.000000;0.000000;0;0
1730;0;0.000000;0.000000;0;0
1731;0;0.000000;0.000000;0;0
1732;0;0.000000;0.000000;0;0
1733;1;0.000000;0.000000;1;1
1734;0;0.000000;0.000000;0;0
1735;0;0.000000;0.000000;0;0
1736;1;0.000000;0.000000;1;1
1737;1;0.000000;0.000000;1;1
1738;1;0.000000;0.000000;1;1
1739;0;0.000000;0.000000;0;0
1740;0;0.000000;0.000000;0;0
1741;1;0.000000;0.000000;1;1
1742;1;0.000000;0.000000;1;1
1743;0;0.000000;0.000000;0;0
1744;1;0.000000;0.000000;1;1
1745;0;0.000000;0.000000;0;0
1746;1;0.000000;0.000000;1;1
1747;0;0.000000;0.000000;0;0
1748;0;0.000000;0.000000;0;0
1749;1;0.000000;0.000000;1;1
1750;1;0.000000;0.000000;1;1
1751;1;0.000000;0.000000;1;1
1752;0;0.000000;0.000000;0;0
1753;1;0.000000;0.000000;1;1
1754;1;0.000000;0.000000;1;1
1755;1;0.000000;0.000000;1;1
1756;0;0.000000;0.000000;0;0
1757;1;0.000000;0.000000;1;1
1758;0;0.000000;0.000000;0;0
1759;1;0.000000;0.000000;1;1
1760;0;0.000000;0.000000;0;0
1761;1;0.000000;0.000000;1;1
1762;0;0.000000;0.000000;0;0
1763;0;0.000000;0.000000;0;0
1764;0;0.000000;0.000000;0;0
1765;0;0.000000;0.000000;0;0
1766;0;0.000000;0.000000;0;0
1767;1;0.000000;0.000000;1;1
1768;0;0.000000;0.000000;0;0
1769;0;0.000000;0.000000;0;0
1770;1;0.000000;0.000000;1;1
1771;0;0.000000;0.000000;0;0
1772;1;0.000000;0.000000;1;1
1773;1;0.000000;0.000000;1;1
1774;1;0.000000;0.000000;1;1
1775;0;0.000000;0.000000;0;0
1776;0;0.000000;0.000000;0;0
1777;0;0.000000;0.000000;0;0
1778;1;0.000000;0.000000;1;1
1779;1;0.000000;0.000000;1;1
1780;0;0.000000;0.000000;0;0
1781;0;0.000000;0.000000;0;0
1782;1;0.000000;0.000000;1;1
1783;1;0.000000;0.000000;1;1
1784;1;0.000000;0.000000;1;1
1785;0;0.000000;0.000000;0;0
1786;0;0.000000;0.000000;0;0
1787;0;0.000000;0.000000;0;0
1788;0;0.000000;0.000000;0;0
1789;0;0.000000;0.000000;0;0
1790;0;0.000000;0.000000;0;0
1791;1;0.000000;0.000000;1;1
1792;1;0.000000;0.000000;1;1
1793;1;0.000000;0.000000;1;1
1794;1;0.000000;0.000000;1;1
1795;1;0.000000;0.000000;1;1
1796;1;0.000000;0.000000;1;1
1797;1;0.000000;0.000000;1;1
1798;1;0.000000;0.000000;1;1
1799;0;0.000000;0.000000;0;0
1800;0;0.000000;0.000000;0;0
1801;1;0.000000;0.000000;1;1
1802;1;0.000000;0.000000;1;1
1803;1;0.000000;0.000000;1;1
1804;0;0.000000;0.000000;0;0
1805;0;0.000000;0.000000;0;0
1806;0;0.000000;0.000000;0;0
1807;1;0.000000;0.000000;1;1
1808;1;0.000000;0.000000;1;1
1809;1;0.000000;0.000000;1;1
1810;1;0.000000;0.000000;1;1
1811;0;0.000000;0.000000;0;0
1812;0;0.000000;0.000000;0;0
1813;0;0.000000;0.000000;0;0
1814;0;0.000000;0.000000;0;0
1815;1;0.000000;0.000000;1;1
1816;0;0.000000;0.000000;0;0
1817;0;0.000000;0.000000;0;0
1818;0;0.000000;0.000000;0;0
1819;0;0.000000;0.000000;0;0
1820;0;0.000000;0.000000;0;0
1821;1;0.000000;0.000000;1;1
1822;1;0.000000;0.000000;1;1
1823;1;0.000000;0.000000;1;1
1824;1;0.000000;0.000000;1;1
1825;1;0.000000;0.000000;1;1
1826;1;0.000000;0.000000;1;1
1827;1;0.000000;0.000000;1;1
1828;1;0.000000;0.000000;1;1
1829;0;0.000000;0.000000;0;0
1830;0;0.000000;0.000000;0;0
1831;0;0.000000;0.000000;0;0
1832;1;0.000000;0.000000;1;1
1833;1;0.000000;0.000000;1;1
1834;1;0.000000;0.000000;1;1
1835;0;0.000000;0.000000;0;0
1836;0;0.000000;0.000000;0;0
1837;0;0.000000;0.000000;0;0
1838;1;0.000000;0.000000;1;1
1839;1;0.000000;0.000000;1;1
1840;1;0.000000;0.000000;1;1
1841;1;0.000000;0.000000;1;1
1842;1;0.000000;0.000000;1;1
1843;1;0.000000;0.000000;1;1
1844;0;0.000000;0.000000;0;0
1845;0;0.000000;0.000000;0;0
1846;0;0.000000;0.000000;0;0
1847;1;0.000000;0.000000;1;1
1848;1;0.000000;0.000000;1;1
1849;0;0.000000;0.000000;0;0
1850;0;0.000000;0.000000;0;0
1851;1;0.000000;0.000000;1;1
1852;0;0.000000;0.000000;0;0
1853;0;0.000000;0.000000;0;0
1854;1;0.000000;0.000000;1;1
1855;0;0.000000;0.000000;0;0
1856;1;0.000000;0.000000;1;1
1857;0;0.000000;0.000000;0;0
1858;1;0.000000;0.000000;1;1
1859;1;0.000000;0.000000;1;1
1860;1;0.000000;0.000000;1;1
1861;1;0.000000;0.000000;1;1
1862;0;0.000000;0.000000;0;0
1863;1;0.000000;0.000000;1;1
1864;0;0.000000;0.000000;0;0
1865;1;0.000000;0.000000;1;1
1866;1;0.000000;0.000000;1;1
1867;1;0.000000;0.000000;1;1
1868;0;0.000000;0.000000;0;0
1869;0;0.000000;0.000000;0;0
1870;1;0.000000;0.000000;1;1
1871;1;0.000000;0.000000;1;1
1872;0;0.000000;0.000000;0;0
1873;1;0.000000;0.000000;1;1
1874;0;0.000000;0.000000;0;0
1875;1;0.000000;0.000000;1;1
1876;0;0.000000;0.000000;0;0
1877;1;0.000000;0.000000;1;1
1878;0;0.000000;0.000000;0;0
1879;1;0.000000;0.000000;1;1
1880;1;0.000000;0.000000;1;1
1881;1;0.000000;0.000000;1;1
1882;1;0.000000;0.000000;1;1
1883;0;0.000000;0.000000;0;0
1884;0;0.000000;0.000000;0;0
1885;0;0.000000;0.000000;0;0
1886;0;0.000000;0.000000;0;0
1887;0;0.000000;0.000000;0;0
1888;0;0.000000;0.000000;0;0
1889;1;0.000000;0.000000;1;1
1890;0;0.000000;0.000000;0;0
1891;0;0.000000;0.000000;0;0
1892;1;0.000000;0.000000;1;1
1893;0;0.000000;0.000000;0;0
1894;1;0.000000;0.000000;1;1
1895;1;0.000000;0.000000;1;1
1896;0;0.000000;0.000000;0;0
1897;1;0.000000;0.000000;1;1
1898;1;0.000000;0.000000;1;1
1899;0;0.000000;0.000000;0;0
1900;0;0.000000;0.000000;0;0
1901;0;0.000000;0.000000;0;0
1902;1;0.000000;0.000000;1;1
1903;1;0.000000;0.000000;1;1
1904;1;0.000000;0.000000;1;1
1905;0;0.000000;0.000000;0;0
1906;1;0.000000;0.000000;1;1
1907;1;0.000000;0.000000;1;1
1908;0;0.000000;0.000000;0;0
1909;1;0.000000;0.000000;1;1
1910;0;0.000000;0.000000;0;0
1911;0;0.000000;0.000000;0;0
1912;1;0.000000;0.000000;1;1
1913;1;0.000000;0.000000;1;1
1914;1;0.000000;0.000000;1;1
1915;1;0.000000;0.000000;1;1
1916;0;0.000000;0.000000;0;0
1917;0;0.000000;0.000000;0;0
1918;1;0.000000;0.000000;1;1
1919;1;0.000000;0.000000;1;1
1920;0;0.000000;0.000000;0;0
1921;0;0.000000;0.000000;0;0
1922;0;0.000000;0.000000;0;0
1923;0;0.000000;0.000000;0;0
1924;0;0.000000;0.000000;0;0
1925;1;0.000000;0.000000;1;1
1926;1;0.000000;0.000000;1;1
1927;1;0.000000;0.000000;1;1
1928;1;0.000000;0.000000;1;1
1929;1;0.000000;0.000000;1;1
1930;1;0.000000;0.000000;1;1
1931;1;0.000000;0.000000;1;1
1932;1;0.000000;0.000000;1;1
1933;0;0.000000;0.000000;0;0
1934;0;0.000000;0.000000;0;0
1935;1;0.000000;0.000000;1;1
1936;1;0.000000;0.000000;1;1
1937;0;0.000000;0.000000;0;0
1938;0;0.000000;0.000000;0;0
1939;1;0.000000;0.000000;1;1
1940;0;0.000000;0.000000;0;0
1941;0;0.000000;0.000000;0;0
1942;0;0.000000;0.000000;0;0
1943;0;0.000000;0.000000;0;0
1944;1;0.000000;0.000000;1;1
1945;1;0.000000;0.000000;1;1
1946;1;0.000000;0.000000;1;1
1947;0;0.000000;0.000000;0;0
1948;0;0.000000;0.000000;0;0
1949;0;0.000000;0.000000;0;0
1950;1;0.000000;0.000000;1;1
1951;0;0.000000;0.000000;0;0
1952;0;0.000000;0.000000;0;0
1953;1;0.000000;0.000000;1;1
1954;1;0.000000;0.000000;1;1
1955;1;0.000000;0.000000;1;1
1956;1;0.000000;0.000000;1;1
1957;1;0.000000;0.000000;1;1
1958;1;0.000000;0.000000;1;1
1959;0;0.000000;0.000000;0;0
1960;1;0.000000;0.000000;1;1
1961;0;0.000000;0.000000;0;0
1962;0;0.000000;0.000000;0;0
1963;0;0.000000;0.000000;0;0
1964;1;0.000000;0.000000;1;1
1965;0;0.000000;0.000000;0;0
1966;1;0.000000;0.000000;1;1
1967;1;0.000000;0.000000;1;1
1968;0;0.000000;0.000000;0;0
1969;1;0.000000;0.000000;1;1
1970;1;0.000000;0.000000;1;1
1971;1;0.000000;0.000000;1;1
1972;1;0.000000;0.000000;1;1
1973;1;0.000000;0.000000;1;1
1974;0;0.000000;0.000000;0;0
1975;0;0.000000;0.000000;0;0
1976;1;0.000000;0.000000;1;1
1977;0;0.000000;0.000000;0;0
1978;1;0.000000;0.000000;1;1
1979;1;0.000000;0.000000;1;1
1980;0;0.000000;0.000000;0;0
1981;0;0.000000;0.000000;0;0
1982;0;0.000000;0.000000;0;0
1983;0;0.000000;0.000000;0;0
1984;0;0.000000;0.000000;0;0
1985;1;0.000000;0.000000;1;1
1986;1;0.000000;0.000000;1;1
1987;0;0.000000;0.000000;0;0
1988;1;0.000000;0.000000;1;1
1989;0;0.000000;0.000000;0;0
1990;0;0.000000;0.000000;0;0
1991;0;0.000000;0.000000;0;0
1992;0;0.000000;0.000000;0;0
1993;1;0.000000;0.000000;1;1
1994;0;0.000000;0.000000;0;0
1995;1;0.000000;0.000000;1;1
1996;0;0.000000;0.000000;0;0
1997;0;0.000000;0.000000;0;0
1998;0;0.000000;0.000000;0;0
1999;1;0.000000;0.000000;1;1
